<?xml version = '1.0' encoding = 'UTF-8' standalone = 'yes'?>
<component-def name="oracle.jse.dms" version="12.2.1.3.0" description="Oracle Dynamic Monitoring Service JSE standalone" gdr-version="1.8.2.0" groupId="com.oracle.fmwshare" xmlns:ns2="http://xmlns.oracle.com/cie/stringsubs" xmlns="http://xmlns.oracle.com/cie/gdr/cpd">
   <file-map symbol="jrf.symbol" source="filegroup1.jar" expanded="true" compacted="true" bootstrap="true">
      <directory dest="modules" mode="750" patchable="true">
         <directory dest="oracle.dms" recurse="true" include-empty-dirs="false" mode="750" preserve-symlinks="false" patchable="true">
            <file size="2309504" dest="dms.jar" patchable="true" group="com.oracle.diagnostics" artifact="dms" version="1.3.0-170817.0815.1882927"/>
         </directory>
         <file-perms/>
      </directory>
      <directory dest="modules" mode="750" patchable="true">
         <directory dest="oracle.odl" recurse="true" include-empty-dirs="false" mode="750" preserve-symlinks="false" patchable="true">
            <file size="340530" dest="ojdl.jar" patchable="true" group="com.oracle.diagnostics" artifact="ojdl" version="1.3.0-170817.0815.1882927"/>
            <file size="926189" dest="ojdl2.jar" patchable="true" group="com.oracle.diagnostics" artifact="ojdl2" version="1.3.0-170817.0815.1882927"/>
         </directory>
         <file-perms/>
      </directory>
   </file-map>
   <libraries>
      <library name="oracle.jrf.dms.client" type="none" suppress-version="true" size="3576223">
         <entry explode="true" include-parent="false" name="modules/oracle.dms/dms.jar"/>
         <entry explode="true" include-parent="false" name="modules/oracle.odl/ojdl.jar"/>
         <entry explode="true" include-parent="false" name="modules/oracle.odl/ojdl2.jar"/>
      </library>
      <library name="jrf.wlst.classpath" type="manifest" suppress-version="true">
         <entry explode="true" include-parent="false" name="modules/oracle.dms/dms.jar"/>
         <entry explode="true" include-parent="false" name="modules/oracle.odl/ojdl.jar"/>
         <entry explode="true" include-parent="false" name="modules/oracle.odl/ojdl2.jar"/>
      </library>
      <library name="jrf.wls.classpath" type="none" suppress-version="true" size="3576223">
         <entry explode="true" include-parent="false" name="modules/oracle.dms/dms.jar"/>
         <entry explode="true" include-parent="false" name="modules/oracle.odl/ojdl.jar"/>
         <entry explode="true" include-parent="false" name="modules/oracle.odl/ojdl2.jar"/>
      </library>
      <library name="oracle.dms.library" type="none" suppress-version="true" size="2650034">
         <entry explode="true" include-parent="false" name="modules/oracle.dms/dms.jar"/>
         <entry explode="true" include-parent="false" name="modules/oracle.odl/ojdl.jar"/>
      </library>
   </libraries>
</component-def>