<?xml version="1.0"?>
<!DOCTYPE cache-config SYSTEM "cache-config.dtd">
<cache-config>
   <caching-scheme-mapping>
      <cache-mapping>
         <cache-name>dist-extend</cache-name>
         <scheme-name>extend</scheme-name>
      </cache-mapping>
   </caching-scheme-mapping>

   <caching-schemes>
      <distributed-scheme>
         <scheme-name>extend</scheme-name>
         <lease-granularity>member</lease-granularity>
         <backing-map-scheme>
            <local-scheme/>
         </backing-map-scheme>
         <autostart>true</autostart>
      </distributed-scheme>

      <proxy-scheme>
         <service-name>ExtendTcpProxyService</service-name>
         <thread-count>5</thread-count>
         <acceptor-config>
            <tcp-acceptor>
               <local-address>
                  <address>localhost</address>
                  <port>9099</port>
               </local-address>
            </tcp-acceptor>
         </acceptor-config>
         <autostart>true</autostart>
      </proxy-scheme>
   </caching-schemes>
</cache-config>