<?xml version = '1.0' encoding = 'UTF-8' standalone = 'yes'?>
<component-def name="oracle.help.share" version="12.2.1.3.0" description="Oracle Help Shared Library" gdr-version="1.7.0.0" groupId="com.oracle.fmwshare" xmlns:ns2="http://xmlns.oracle.com/cie/stringsubs" xmlns="http://xmlns.oracle.com/cie/gdr/cpd">
   <file-map symbol="help.common.symbol" source="filegroup1.jar" expanded="true" compacted="true" bootstrap="true">
      <directory dest="modules" mode="750" patchable="true">
         <directory dest="oracle.help" mode="750" patchable="true">
            <file size="256224" dest="help-share.jar" mode="640"/>
         </directory>
      </directory>
      <file-perms>
         <permission mode="640" name="help-share.jar"/>
         <permission mode="750" regex=".*" match-dirs="true"/>
      </file-perms>
   </file-map>
   <libraries>
      <library name="help_share_entry" type="none" suppress-version="true" size="256224">
         <entry explode="true" include-parent="false" name="modules/oracle.help/help-share.jar"/>
      </library>
   </libraries>
</component-def>