<?xml version = '1.0' encoding = 'UTF-8' standalone = 'yes'?>
<feature-set-def name="fmw_install_framework" version="12.2.1.3.0" display-name="Fusion Middleware Installer UI Framework" display-name-key="featureset.display.name" description-key="featureset.description" pom-gen="false" xmlns:ns2="http://xmlns.oracle.com/cie/gdr/dei" xmlns:ns3="http://xmlns.oracle.com/cie/gdr/nfo" xmlns:ns4="http://xmlns.oracle.com/cie/gdr/rgy" xmlns="http://xmlns.oracle.com/cie/gdr/ftr">
   <components>
      <component name="oracle.as.install.ui.framework" version="12.2.1.3.0"/>
   </components>
   <components>
      <component name="oracle.as.install.common.prerequisite.files" version="12.2.1.3.0"/>
   </components>
   <components>
      <component name="oracle.as.install.common.help" version="12.2.1.3.0"/>
   </components>
   <dependencies>
      <and>
         <requires name="nginst_core" version="13.9.2.0.0"/>
         <requires name="jrf_presoTools" version="12.2.1.3.0">
            <version-range min="12.2.1.3.0" min-inclusive="true" max="12.2.1.4.0" max-inclusive="false"/>
         </requires>
      </and>
   </dependencies>
</feature-set-def>