<?xml version = '1.0' encoding = 'UTF-8' standalone = 'yes'?>
<feature-set-def name="fmw_install_coherence" version="12.2.1.3.0" display-name="Fusion Middleware Coherence Installer UI Files" display-name-key="featureset.display.name" description-key="featureset.description" pom-gen="false" xmlns:ns2="http://xmlns.oracle.com/cie/gdr/dei" xmlns:ns3="http://xmlns.oracle.com/cie/gdr/nfo" xmlns:ns4="http://xmlns.oracle.com/cie/gdr/rgy" xmlns="http://xmlns.oracle.com/cie/gdr/ftr">
   <components>
      <component name="oracle.as.install.coherence.prerequisite" version="12.2.1.3.0"/>
   </components>
   <components>
      <component name="oracle.as.install.coherence" version="12.2.1.3.0"/>
   </components>
   <dependencies>
      <requires name="fmw_install_framework" version="12.2.1.3.0">
         <version-range min="12.2.1.3.0" min-inclusive="true" max="12.2.1.4.0" max-inclusive="false"/>
      </requires>
   </dependencies>
</feature-set-def>