<?xml version = '1.0' encoding = 'UTF-8' standalone = 'yes'?>
<feature-set-def name="glcm_opatch_common_api" version="13.9.2.0.0" display-name="OPatch Common API" display-name-key="featureset.display.name" description-key="featureset.description" singleton="true" pom-gen="false" xmlns:ns2="http://xmlns.oracle.com/cie/gdr/dei" xmlns:ns3="http://xmlns.oracle.com/cie/gdr/nfo" xmlns:ns4="http://xmlns.oracle.com/cie/gdr/rgy" xmlns="http://xmlns.oracle.com/cie/gdr/ftr">
   <components>
      <component name="oracle.glcm.opatch.common.api" version="13.9.2.0.0"/>
   </components>
   <compatibility>
      <feature name="glcm_opatch_common_api" reciprocal="true">
         <version-range min="13.2.1.0.0" min-inclusive="true" max="13.9.2.0.0" max-inclusive="false"/>
      </feature>
   </compatibility>
</feature-set-def>