<?xml version = '1.0' encoding = 'UTF-8' standalone = 'yes'?>
<feature-set-def name="glcm_encryption" version="13.9.2.0.0" display-name="GLCM Encryption" display-name-key="featureset.display.name" description-key="featureset.description" singleton="true" xmlns:ns2="http://xmlns.oracle.com/cie/gdr/dei" xmlns:ns3="http://xmlns.oracle.com/cie/gdr/nfo" xmlns:ns4="http://xmlns.oracle.com/cie/gdr/rgy" xmlns="http://xmlns.oracle.com/cie/gdr/ftr">
   <components>
      <component name="oracle.glcm.encryption" version="2.7.2.0.0"/>
   </components>
   <compatibility>
      <feature name="glcm_encryption" reciprocal="true">
         <version-range min="2.2.0.0.0" min-inclusive="true" max="13.9.2.0.0" max-inclusive="false"/>
      </feature>
   </compatibility>
   <dependencies>
      <and>
         <requires name="glcm_common" version="13.9.2.0.0"/>
         <requires name="orapki" version="12.2.1.3.0">
            <version-range min="12.1.3.0.0" min-inclusive="true" max="12.2.3.0.0" max-inclusive="false"/>
         </requires>
      </and>
   </dependencies>
   <libraries>
      <library name="glcm_encryption_lib" type="manifest" visibility="public" suppress-version="true" suppress-prefix="true">
         <include name="oracle_glcm_logging_lib" ignore-version="true"/>
         <include name="oracle_glcm_comdev_lib" ignore-version="true"/>
         <include name="oracle_glcm_xmldh_lib" ignore-version="true"/>
         <include name="oracle_glcm_dependency_lib" ignore-version="true"/>
         <include name="oracle_glcm_wizard_lib" ignore-version="true"/>
         <include name="oracle_glcm_encryption_lib" ignore-version="true"/>
         <include name="orapki.lib" feature="true" ignore-version="true"/>
      </library>
   </libraries>
</feature-set-def>