<?xml version = '1.0' encoding = 'UTF-8' standalone = 'yes'?>
<feature-set-def name="jrf_presoTools_core" version="12.2.1.3.0" display-name="JRF Preso Tools Core" display-name-key="featureset.display.name" description-key="featureset.description" xmlns:ns2="http://xmlns.oracle.com/cie/gdr/dei" xmlns:ns3="http://xmlns.oracle.com/cie/gdr/nfo" xmlns:ns4="http://xmlns.oracle.com/cie/gdr/rgy" xmlns="http://xmlns.oracle.com/cie/gdr/ftr">
   <components>
      <component name="oracle.help.ohj" version="12.2.1.3.0"/>
   </components>
   <components>
      <component name="oracle.help.share" version="12.2.1.3.0"/>
   </components>
   <components>
      <component name="oracle.bali.ice" version="12.2.1.3.0"/>
   </components>
   <components>
      <component name="oracle.bali.jewt" version="12.2.1.3.0"/>
   </components>
   <components>
      <component name="oracle.bali.share" version="12.2.1.3.0"/>
   </components>
   <compatibility>
      <feature name="jrf_presoTools_core" reciprocal="true">
         <version-range min="12.1.3.0.0" min-inclusive="true" max="12.2.1.3.0" max-inclusive="true"/>
      </feature>
      <feature name="jrf_presoTools" version="12.1.3.0.0" reciprocal="true"/>
   </compatibility>
</feature-set-def>