<?xml version = '1.0' encoding = 'UTF-8' standalone = 'yes'?>
<feature-set-def name="jrf_maven" version="12.2.1.3.0" display-name="Fusion Middleware Maven Support" display-name-key="featureset.display.name" description-key="featureset.description" xmlns:ns2="http://xmlns.oracle.com/cie/gdr/dei" xmlns:ns3="http://xmlns.oracle.com/cie/gdr/nfo" xmlns:ns4="http://xmlns.oracle.com/cie/gdr/rgy" xmlns="http://xmlns.oracle.com/cie/gdr/ftr">
   <components>
      <component name="oracle.jrf.maven.plugins.sync" version="12.2.1.3.0"/>
   </components>
   <dependencies>
      <requires name="thirdParty_apacheMaven" version="3.3.9.0.0">
         <version-range min="3.0.5.0.0" min-inclusive="true"/>
      </requires>
   </dependencies>
</feature-set-def>