<?xml version = '1.0' encoding = 'UTF-8' standalone = 'yes'?>
<feature-set-def name="jrf_presoTools" version="12.2.1.3.0" display-name="JRF Preso Tools" display-name-key="featureset.display.name" description-key="featureset.description" xmlns:ns2="http://xmlns.oracle.com/cie/gdr/dei" xmlns:ns3="http://xmlns.oracle.com/cie/gdr/nfo" xmlns:ns4="http://xmlns.oracle.com/cie/gdr/rgy" xmlns="http://xmlns.oracle.com/cie/gdr/ftr">
   <components>
      <component name="oracle.fmw.common.wizard.resources" version="12.2.1.0.0"/>
   </components>
   <dependencies>
      <and>
         <requires name="jrf_presoTools_core" version="12.2.1.3.0">
            <version-range min="12.2.1.3.0" min-inclusive="true" max="12.2.1.4.0" max-inclusive="false"/>
         </requires>
         <requires name="jrf_dmsJse" version="12.2.1.3.0">
            <version-range min="12.2.1.3.0" min-inclusive="true" max="12.2.1.4.0" max-inclusive="false"/>
         </requires>
      </and>
   </dependencies>
</feature-set-def>