<?xml version = '1.0' encoding = 'UTF-8' standalone = 'yes'?>
<feature-set-def name="opatch" version="13.9.2.0.0" display-name="OPatch" display-name-key="featureset.display.name" description-key="featureset.description" singleton="true" xmlns:ns2="http://xmlns.oracle.com/cie/gdr/dei" xmlns:ns3="http://xmlns.oracle.com/cie/gdr/nfo" xmlns:ns4="http://xmlns.oracle.com/cie/gdr/rgy" xmlns="http://xmlns.oracle.com/cie/gdr/ftr">
   <components>
      <component name="oracle.swd.opatch" version="13.9.2.0.0"/>
   </components>
   <compatibility>
      <feature name="opatch" reciprocal="true">
         <version-range min="13.1.0.0.0" min-inclusive="true" max="13.9.2.0.0" max-inclusive="false"/>
      </feature>
   </compatibility>
   <dependencies>
      <requires name="nginst_core" version="13.9.2.0.0">
         <version-range min="13.6.0.0.0" min-inclusive="true" max="13.9.2.0.0" max-inclusive="true"/>
      </requires>
   </dependencies>
</feature-set-def>