<?xml version = '1.0' encoding = 'UTF-8' standalone = 'yes'?>
<feature-set-def name="oraclexdk_jrf_xmlparser" version="12.2.1.3.0" display-name="Oracle XDK JRF XMLParser" display-name-key="featureset.display.name" description-key="featureset.description" xmlns:ns2="http://xmlns.oracle.com/cie/gdr/dei" xmlns:ns3="http://xmlns.oracle.com/cie/gdr/nfo" xmlns:ns4="http://xmlns.oracle.com/cie/gdr/rgy" xmlns="http://xmlns.oracle.com/cie/gdr/ftr">
   <components>
      <component name="oracle.xdk.jrf.xmlparserv2" version="12.2.1.3.0"/>
   </components>
   <compatibility>
      <feature name="jrf_core" reciprocal="true">
         <version-range min="12.2.1.0.0" min-inclusive="true" max="12.2.1.3.0" max-inclusive="true"/>
      </feature>
      <feature name="oracledb_xdk" reciprocal="true">
         <version-range min="12.2.1.0.0" min-inclusive="true" max="12.2.1.3.0" max-inclusive="true"/>
      </feature>
   </compatibility>
</feature-set-def>