<?xml version = '1.0' encoding = 'UTF-8' standalone = 'yes'?>
<feature-set-def name="orapki" version="12.2.1.3.0" display-name="Wallet Functionality" display-name-key="featureset.display.name" description-key="featureset.description" xmlns:ns2="http://xmlns.oracle.com/cie/gdr/dei" xmlns:ns3="http://xmlns.oracle.com/cie/gdr/nfo" xmlns:ns4="http://xmlns.oracle.com/cie/gdr/rgy" xmlns="http://xmlns.oracle.com/cie/gdr/ftr">
   <components>
      <component name="oracle.osdt.core" version="12.2.1.3.0"/>
   </components>
   <components>
      <component name="oracle.pki" version="12.2.1.3.0"/>
   </components>
   <components>
      <component name="oracle.rsa.crypto" version="12.2.1.3.0"/>
   </components>
   <libraries>
      <library name="com.oracle.orapki" type="manifest" visibility="public" suppress-version="true" suppress-prefix="true">
         <include name="oracle.osdt.core.library"/>
         <include name="oracle.pki.library"/>
      </library>
      <library name="orapki.lib" type="manifest" visibility="public" suppress-version="true" suppress-prefix="true">
         <include name="oracle.osdt.core.library"/>
         <include name="oracle.pki.library"/>
         <include name="oracle.ojmisc.library"/>
         <include name="oracle.rsa.crypto.library"/>
      </library>
   </libraries>
</feature-set-def>