<?xml version = '1.0' encoding = 'UTF-8' standalone = 'yes'?>
<feature-set-def name="thirdParty_oracleJaxbRI" version="2.3.0.0.0" display-name="Oracle JAXB RI" display-name-key="featureset.display.name" description-key="featureset.description" xmlns:ns2="http://xmlns.oracle.com/cie/gdr/dei" xmlns:ns3="http://xmlns.oracle.com/cie/gdr/nfo" xmlns:ns4="http://xmlns.oracle.com/cie/gdr/rgy" xmlns="http://xmlns.oracle.com/cie/gdr/ftr">
   <dependencies>
      <and>
         <requires name="thirdParty_oracleJaxbRICore" version="2.3.0.0.0"/>
         <requires name="thirdParty_oracleJaxbRIRuntime" version="2.3.0.0.0"/>
         <requires name="thirdParty_oracleJaxbRITools" version="2.3.0.0.0"/>
      </and>
   </dependencies>
   <libraries>
      <library name="lib_jaxb" type="manifest" version="2.3.0" visibility="internal" symbol="thirdparty.symbol" suppress-prefix="true" suppress-manifest-properties="Implementation-Version,Specification-Version">
         <include name="oracle.jaxb.core"/>
         <include name="oracle.jaxb.impl"/>
         <include name="oracle.jaxb.tools"/>
      </library>
   </libraries>
</feature-set-def>