<?xml version = '1.0' encoding = 'UTF-8' standalone = 'yes'?>
<feature-set-def name="thirdParty_log4jLog4j" version="1.2.17.0.0" display-name="Third Party Log4j Log4j" display-name-key="featureset.display.name" description-key="featureset.description" xmlns:ns2="http://xmlns.oracle.com/cie/gdr/dei" xmlns:ns3="http://xmlns.oracle.com/cie/gdr/nfo" xmlns:ns4="http://xmlns.oracle.com/cie/gdr/rgy" xmlns="http://xmlns.oracle.com/cie/gdr/ftr">
   <components>
      <component name="oracle.log4j.log4j" version="1.2.17.0.0"/>
   </components>
   <compatibility>
      <feature name="thirdParty_log4jLog4j" version="1.2.17.0.0" reciprocal="true">
         <version-range min="0.0.0.0.1" min-inclusive="true" max="999999999999999.999999999999999.999999999999999.999999999999999.999999999999999" max-inclusive="true"/>
      </feature>
   </compatibility>
   <libraries>
      <library name="log4j_1.2.17.0.0" type="manifest" version="1.2.17" location="modules/thirdparty/features" visibility="internal" suppress-version="true" symbol="thirdparty.symbol" suppress-prefix="true" suppress-manifest-properties="Implementation-Version,Specification-Version">
         <include name="log4j" version="1.2.17"/>
      </library>
   </libraries>
</feature-set-def>