<?xml version = '1.0' encoding = 'UTF-8' standalone = 'yes'?>
<feature-set-def name="thirdPartyMain_xercesXercesimpl" version="2.11.0.0.0" display-name="Third Party Main Xerces Xercesimpl" display-name-key="featureset.display.name" description-key="featureset.description" singleton="true" xmlns:ns2="http://xmlns.oracle.com/cie/gdr/dei" xmlns:ns3="http://xmlns.oracle.com/cie/gdr/nfo" xmlns:ns4="http://xmlns.oracle.com/cie/gdr/rgy" xmlns="http://xmlns.oracle.com/cie/gdr/ftr">
   <compatibility>
      <feature name="thirdPartyMain_xercesXercesimpl" version="2.11.0.0.0" reciprocal="true">
         <version-range min="0.0.0.0.1" min-inclusive="true" max="999999999999999.999999999999999.999999999999999.999999999999999.999999999999999" max-inclusive="true"/>
      </feature>
   </compatibility>
   <dependencies>
      <requires name="thirdParty_xercesXercesimpl" version="2.11.0.0.0"/>
   </dependencies>
   <libraries>
      <library name="xercesimpl" type="manifest" version="2.11.0" location="modules/thirdparty/features" visibility="internal" suppress-version="true" symbol="thirdparty.symbol" suppress-prefix="true" overwrite-higher-version="false" suppress-manifest-properties="Implementation-Version,Specification-Version">
         <include name="xercesimpl_2.11.0.0.0" version="2.11.0" feature="true" explode="true"/>
      </library>
   </libraries>
</feature-set-def>