<?xml version = '1.0' encoding = 'UTF-8' standalone = 'yes'?>
<feature-set-def name="wls_thirdparty_javaxjson" version="12.2.1.3.0" display-name="Third-Party javax.json Module Ship in WLS Component" display-name-key="featureset.display.name" description-key="featureset.description" xmlns:ns2="http://xmlns.oracle.com/cie/gdr/dei" xmlns:ns3="http://xmlns.oracle.com/cie/gdr/nfo" xmlns:ns4="http://xmlns.oracle.com/cie/gdr/rgy" xmlns="http://xmlns.oracle.com/cie/gdr/ftr">
   <components>
      <component name="oracle.wls.thirdparty.javax.json" version="12.2.1.3.0"/>
   </components>
   <libraries>
      <library name="javax_json_dependencies" type="manifest" visibility="internal" suppress-prefix="true">
         <include name="javax.json.library" ignore-type="true"/>
      </library>
   </libraries>
</feature-set-def>