<?xml version = '1.0' encoding = 'UTF-8' standalone = 'yes'?>
<component-def name="oracle.bali.jewt" version="12.2.1.3.0" description="Oracle JFC Extended Windowing Toolkit" gdr-version="1.7.0.0" groupId="com.oracle.fmwshare" xmlns:ns2="http://xmlns.oracle.com/cie/stringsubs" xmlns="http://xmlns.oracle.com/cie/gdr/cpd">
   <file-map symbol="oracle.bali.jewt.dir" source="filegroup1.jar" expanded="true" compacted="true" bootstrap="true">
      <directory dest="" patchable="true">
         <directory dest="modules" mode="750" patchable="true">
            <directory dest="oracle.bali.jewt" mode="750" patchable="true">
               <file size="2558678" dest="jewt4.jar" mode="640"/>
               <file size="506232" dest="olaf2.jar" mode="640"/>
            </directory>
         </directory>
         <file-perms>
            <permission mode="640" regex=".*\.jar"/>
         </file-perms>
      </directory>
      <file-perms>
         <permission mode="750" regex=".*" match-dirs="true"/>
      </file-perms>
   </file-map>
   <libraries>
      <library name="bali_jewt_entry" type="none" suppress-version="true" size="3064910">
         <entry explode="true" include-parent="false" name="modules/oracle.bali.jewt/jewt4.jar"/>
         <entry explode="true" include-parent="false" name="modules/oracle.bali.jewt/olaf2.jar"/>
      </library>
      <library name="adf.runtime.war" type="manifest" visibility="internal" suppress-version="true">
         <entry explode="true" include-parent="false" name="modules/oracle.bali.jewt/jewt4.jar"/>
      </library>
   </libraries>
</component-def>