<?xml version = '1.0' encoding = 'UTF-8' standalone = 'yes'?>
<component-def name="oracle.xdk.jrf.xmlparserv2" version="12.2.1.3.0" description="Oracle JRF XML Parser" gdr-version="1.3.0.0" singleton="true" groupId="com.oracle.fmwshare" xmlns:ns2="http://xmlns.oracle.com/cie/stringsubs" xmlns="http://xmlns.oracle.com/cie/gdr/cpd">
   <file-map symbol="rdbms.jrf.common.symbol" source="filegroup1.jar" expanded="true" compacted="true" bootstrap="true">
      <directory dest="modules" mode="750" patchable="true">
         <directory dest="oracle.xdk" recurse="true" include-empty-dirs="false" mode="750" preserve-symlinks="false" patchable="true">
            <file size="1699004" dest="xmlparserv2.jar" mode="640"/>
         </directory>
         <file-perms>
            <permission mode="640" regex=".*\.jar"/>
         </file-perms>
      </directory>
      <file-perms>
         <permission mode="750" regex=".*" match-dirs="true"/>
      </file-perms>
   </file-map>
   <libraries>
      <library name="oracle.jrf.thirdparty.jee.client" type="none" suppress-version="true" size="1699004">
         <entry explode="true" include-parent="false" name="modules/oracle.xdk/xmlparserv2.jar"/>
      </library>
      <library name="oracle.xdk.xmlparserv2" type="none" suppress-version="true" size="1699004">
         <entry explode="true" include-parent="false" name="modules/oracle.xdk/xmlparserv2.jar"/>
      </library>
   </libraries>
</component-def>