<?xml version = '1.0' encoding = 'UTF-8' standalone = 'yes'?>
<component-def name="oracle.glcm.xmldh" version="3.4.2.0.0" description="Oracle GLCM Xmldh" gdr-version="1.8.2.0" xmlns:ns2="http://xmlns.oracle.com/cie/stringsubs" xmlns="http://xmlns.oracle.com/cie/gdr/cpd">
   <file-map symbol="oracle.glcm.xmldh.symbol" source="filegroup1.jar" expanded="true" compacted="true" bootstrap="true">
      <directory dest="modules" mode="750" patchable="true">
         <file size="108971" dest="com.oracle.cie.xmldh_3.4.2.0.jar" mode="640"/>
         <directory dest="features" mode="750" patchable="true">
            <file size="432" dest="xmldh-classpath.jar" mode="640"/>
         </directory>
      </directory>
   </file-map>
   <libraries>
      <library name="oracle_glcm_xmldh_lib" type="none" size="108971">
         <entry explode="true" include-parent="false" name="modules/com.oracle.cie.xmldh_3.4.2.0.jar"/>
      </library>
   </libraries>
</component-def>