<?xml version = '1.0' encoding = 'UTF-8' standalone = 'yes'?>
<component-def name="oracle.as.install.common.prerequisite.files" version="12.2.1.3.0" description="Oracle Fusion Middleware Common Prerequisite Files" description-key="component.description" gdr-version="1.8.3.0" pom-gen="false" xmlns:ns2="http://xmlns.oracle.com/cie/stringsubs" xmlns="http://xmlns.oracle.com/cie/gdr/cpd">
   <file-map symbol="asinst.framework.symbol" source="filegroup1.jar" expanded="true" compacted="true" bootstrap="true">
      <exclude regex="\.ade_path" match-dirs="true"/>
      <directory dest="mw" mode="750" patchable="true">
         <directory dest="common" mode="750" patchable="true">
            <directory dest="prereq" mode="750" patchable="true">
               <directory dest="generic_jars" mode="750" patchable="true">
                  <file size="14354" dest="compChecks.jar" mode="640"/>
               </directory>
               <directory dest="msvcprereq" mode="750" patchable="true">
                  <file size="25660" dest="msvcchecker.jar" mode="640"/>
               </directory>
               <directory dest="oscheck" mode="750" patchable="true">
                  <file size="13686" dest="oschecker_resources.jar" mode="640"/>
               </directory>
               <directory dest="oui" mode="750" patchable="true">
                  <file size="32828" dest="memcheck.jar" mode="640"/>
               </directory>
               <directory dest="jdkprereq" mode="750" patchable="true">
                  <file size="18276" dest="jdkversionchecker.jar" mode="640"/>
               </directory>
            </directory>
         </directory>
         <file-perms>
            <permission mode="640" regex=".*"/>
         </file-perms>
      </directory>
      <file-perms>
         <permission mode="750" regex=".*\.bat"/>
         <permission mode="750" regex=".*\.cmd"/>
         <permission mode="750" regex=".*\.dll"/>
         <permission mode="750" regex=".*\.exe"/>
         <permission mode="750" regex=".*\.sh"/>
         <permission mode="750" regex=".*\.so"/>
         <permission mode="640" regex=".*"/>
      </file-perms>
   </file-map>
</component-def>