<?xml version = '1.0' encoding = 'UTF-8' standalone = 'yes'?>
<component-def name="oracle.pki" version="12.2.1.3.0" description="OracleAS OWM" gdr-version="1.3.0.0" groupId="com.oracle.fmwshare" xmlns:ns2="http://xmlns.oracle.com/cie/stringsubs" xmlns="http://xmlns.oracle.com/cie/gdr/cpd">
   <file-map symbol="orapki.symbol" source="filegroup1.jar" expanded="true" compacted="true">
      <directory dest="" patchable="true">
         <directory dest="bin" mode="750" patchable="true">
            <file size="2431" dest="orapki.bat" mode="750"/>
            <file size="3634" dest="mkstore" mode="750"/>
            <file size="1882" dest="mkstore.bat" mode="750"/>
            <file size="4621" dest="orapki" mode="750"/>
         </directory>
         <directory dest="plugins" mode="750" patchable="true">
            <directory dest="jdeveloper" mode="750" patchable="true">
               <directory dest="libraries" mode="750" patchable="true">
                  <file size="346" dest="oraclepki-jars.library" mode="640"/>
               </directory>
            </directory>
         </directory>
         <directory dest="modules" mode="750" patchable="true">
            <directory dest="oracle.pki" mode="750" patchable="true">
               <file size="310382" dest="oraclepki.jar" mode="640"/>
            </directory>
            <directory dest="oracle.ldap" mode="750" patchable="true">
               <file size="23504" dest="ojmisc.jar" mode="640"/>
            </directory>
         </directory>
         <file-perms>
            <permission mode="750" regex="orapki.*"/>
            <permission mode="750" regex="mkstore.*"/>
            <permission mode="640" regex=".*"/>
         </file-perms>
      </directory>
      <file-perms>
         <permission mode="750" regex=".*" match-dirs="true"/>
      </file-perms>
   </file-map>
   <libraries>
      <library name="oracle.pki.library" type="none" size="310382">
         <entry explode="true" include-parent="false" name="modules/oracle.pki/oraclepki.jar"/>
      </library>
      <library name="oracle.ojmisc.library" type="none" size="23504">
         <entry explode="true" include-parent="false" name="modules/oracle.ldap/ojmisc.jar"/>
      </library>
   </libraries>
</component-def>