<?xml version = '1.0' encoding = 'UTF-8' standalone = 'yes'?>
<component-def name="oracle.jrf.maven.plugins.sync" version="12.2.1.3.0" description="JRF Maven Plugins Sync" gdr-version="1.2.0.0" groupId="com.oracle.fmwshare" xmlns:ns2="http://xmlns.oracle.com/cie/stringsubs" xmlns="http://xmlns.oracle.com/cie/gdr/cpd">
   <file-map symbol="jrf.symbol" source="filegroup1.jar" expanded="true" compacted="true">
      <directory dest="plugins" mode="750">
         <directory dest="maven" recurse="true" include-empty-dirs="false" mode="750" preserve-symlinks="false">
            <directory dest="com" mode="750" group="com.oracle.cie.gdr.carb" artifact="oracle.jrf.maven.plugins.sync.archive" version="12.2.1.3.0-170602.0855.54" type="zip">
               <directory dest="oracle" recurse="true" include-empty-dirs="false" mode="750" preserve-symlinks="false">
                  <directory dest="maven" recurse="true" include-empty-dirs="false" mode="750" preserve-symlinks="false">
                     <directory dest="oracle-maven-sync" recurse="true" include-empty-dirs="false" mode="750" preserve-symlinks="false">
                        <directory dest="12.2.1" recurse="true" include-empty-dirs="false" mode="750" preserve-symlinks="false">
                           <file size="70606" dest="oracle-maven-sync-12.2.1.jar" mode="640"/>
                           <file size="8528" dest="oracle-maven-sync-12.2.1.pom" mode="640"/>
                        </directory>
                     </directory>
                  </directory>
               </directory>
               <file-perms>
                  <permission mode="770" regex=".*\.xml"/>
                  <permission mode="750" regex=".*" match-dirs="true"/>
               </file-perms>
            </directory>
            <directory dest="com" mode="750" group="com.oracle.cie.gdr.carb" artifact="oracle.jrf.maven.plugins.sync.archive" version="12.2.1.3.0-170602.0855.54" type="zip">
               <directory dest="oracle" recurse="true" include-empty-dirs="false" mode="750" preserve-symlinks="false">
                  <directory dest="maven" recurse="true" include-empty-dirs="false" mode="750" preserve-symlinks="false">
                     <directory dest="oracle-common" recurse="true" include-empty-dirs="false" mode="750" preserve-symlinks="false">
                        <directory dest="12.2.1" recurse="true" include-empty-dirs="false" mode="750" preserve-symlinks="false">
                           <file size="5292" dest="oracle-common-12.2.1.pom" mode="640"/>
                        </directory>
                     </directory>
                  </directory>
               </directory>
               <file-perms>
                  <permission mode="770" regex=".*\.xml"/>
                  <permission mode="750" regex=".*" match-dirs="true"/>
               </file-perms>
            </directory>
         </directory>
      </directory>
      <file-perms>
         <permission mode="750" regex=".*" match-dirs="true"/>
         <permission mode="640" regex=".*"/>
      </file-perms>
   </file-map>
</component-def>