<?xml version = '1.0' encoding = 'UTF-8' standalone = 'yes'?>
<component-def name="oracle.glcm.logging" version="1.6.2.0.0" description="Oracle Common Logging" gdr-version="1.8.2.0" xmlns:ns2="http://xmlns.oracle.com/cie/stringsubs" xmlns="http://xmlns.oracle.com/cie/gdr/cpd">
   <file-map symbol="glcm.logging.symbol" source="filegroup1.jar" expanded="true" compacted="true" bootstrap="true">
      <directory dest="modules" mode="750" patchable="true">
         <file size="118498" dest="com.oracle.glcm.common-logging_1.6.2.0.jar" mode="640"/>
         <directory dest="features" mode="750" patchable="true">
            <file size="426" dest="common-logging-classpath.jar" mode="640"/>
         </directory>
      </directory>
   </file-map>
   <libraries>
      <library name="oracle_glcm_logging_lib" type="none" size="118498">
         <entry explode="true" include-parent="false" name="modules/com.oracle.glcm.common-logging_1.6.2.0.jar"/>
      </library>
   </libraries>
</component-def>