<?xml version = '1.0' encoding = 'UTF-8' standalone = 'yes'?>
<component-def name="oracle.osdt.core" version="12.2.1.3.0" description="OracleAS OSDT" gdr-version="1.3.0.0" groupId="com.oracle.fmwshare" xmlns:ns2="http://xmlns.oracle.com/cie/stringsubs" xmlns="http://xmlns.oracle.com/cie/gdr/cpd">
   <file-map symbol="osdt.symbol" source="filegroup1.jar" expanded="true" compacted="true">
      <directory dest="" patchable="true">
         <directory dest="plugins" mode="750" patchable="true">
            <directory dest="jdeveloper" mode="750" patchable="true">
               <directory dest="libraries" mode="750" patchable="true">
                  <file size="1055" dest="osdt-jars.library" mode="640"/>
               </directory>
            </directory>
         </directory>
         <directory dest="modules" mode="750" patchable="true">
            <directory dest="oracle.osdt" mode="750" patchable="true">
               <file size="55688" dest="osdt_saml.jar" mode="640"/>
               <file size="203430" dest="osdt_cert.jar" mode="640"/>
               <file size="423814" dest="osdt_xmlsec.jar" mode="640"/>
               <file size="191204" dest="osdt_wss.jar" mode="640"/>
               <file size="287871" dest="osdt_saml2.jar" mode="640"/>
               <file size="246591" dest="osdt_ws_sx.jar" mode="640"/>
               <file size="21281" dest="osdt_restsec.jar" mode="640"/>
               <file size="292102" dest="osdt_core.jar" mode="640"/>
            </directory>
         </directory>
         <file-perms>
            <permission mode="640" regex=".*"/>
         </file-perms>
      </directory>
      <file-perms>
         <permission mode="750" regex=".*" match-dirs="true"/>
      </file-perms>
   </file-map>
   <libraries>
      <library name="oracle.osdt.core.library" type="none" size="495532">
         <entry explode="true" include-parent="false" name="modules/oracle.osdt/osdt_cert.jar"/>
         <entry explode="true" include-parent="false" name="modules/oracle.osdt/osdt_core.jar"/>
      </library>
      <library name="jrf.wlst.classpath" type="manifest" suppress-version="true">
         <entry explode="true" include-parent="false" name="modules/oracle.osdt/osdt_xmlsec.jar"/>
         <entry explode="true" include-parent="false" name="modules/oracle.osdt/osdt_wss.jar"/>
      </library>
      <library name="oracle.opss.core.client" type="client" suppress-version="true" size="1226449">
         <entry explode="true" include-parent="false" name="modules/oracle.osdt/osdt_xmlsec.jar"/>
         <entry explode="true" include-parent="false" name="modules/oracle.osdt/osdt_wss.jar"/>
         <entry explode="true" include-parent="false" name="modules/oracle.osdt/osdt_restsec.jar"/>
         <entry explode="true" include-parent="false" name="modules/oracle.osdt/osdt_saml.jar"/>
         <entry explode="true" include-parent="false" name="modules/oracle.osdt/osdt_saml2.jar"/>
         <entry explode="true" include-parent="false" name="modules/oracle.osdt/osdt_ws_sx.jar"/>
      </library>
      <library name="jrf.wls.classpath" type="manifest" suppress-version="true">
         <entry explode="true" include-parent="false" name="modules/oracle.osdt/osdt_restsec.jar"/>
         <entry explode="true" include-parent="false" name="modules/oracle.osdt/osdt_saml.jar"/>
         <entry explode="true" include-parent="false" name="modules/oracle.osdt/osdt_saml2.jar"/>
         <entry explode="true" include-parent="false" name="modules/oracle.osdt/osdt_ws_sx.jar"/>
         <entry explode="true" include-parent="false" name="modules/oracle.osdt/osdt_xmlsec.jar"/>
         <entry explode="true" include-parent="false" name="modules/oracle.osdt/osdt_wss.jar"/>
      </library>
   </libraries>
</component-def>