<?xml version = '1.0' encoding = 'UTF-8' standalone = 'yes'?>
<component-def name="oracle.nginst.core" version="13.9.2.0.0" description="Next Generation Installation Core" description-key="component.description" gdr-version="1.8.2.0" singleton="true" pom-gen="false" groupId="com.oracle.oui" xmlns:ns2="http://xmlns.oracle.com/cie/stringsubs" xmlns="http://xmlns.oracle.com/cie/gdr/cpd">
   <file-map symbol="oracle.nginst.core.symbol" source="filegroup1.jar" expanded="true" compacted="true" bootstrap="true">
      <directory dest="modules" mode="750" patchable="true">
         <file size="40728" dest="com.oracle.cie.oui-fixup_12.8.2.0.jar" mode="640"/>
         <file size="4340281" dest="com.oracle.cie.ora-installer_12.8.2.0.jar" mode="640"/>
         <file size="1264" dest="OraInstaller.jar" mode="640"/>
         <file size="3916088" dest="srvm.jar" mode="640"/>
         <file size="166290" dest="emocmcommon.jar" mode="640"/>
         <file size="93977" dest="com.oracle.cie.oui-ssh_12.8.2.0.jar" mode="640"/>
         <file size="190402" dest="srvmasm.jar" mode="640"/>
         <file size="5037" dest="com.oracle.cie.ora-installer-net_12.8.2.0.jar" mode="640"/>
         <file size="252795" dest="emocmclnt.jar" mode="640"/>
         <file size="1264" dest="installer-launch.jar" mode="640"/>
         <file size="46348" dest="com.oracle.cie.ora-suite-installer_12.8.2.0.jar" mode="640"/>
         <file size="277974" dest="com.oracle.cie.oui-remote-interfaces_12.8.2.0.jar" mode="640"/>
         <file size="6489" dest="emocmclnt-14.jar" mode="640"/>
         <file size="723" dest="opatchauto-classpath.jar" mode="640"/>
         <file size="547332" dest="http_client.jar" mode="640"/>
         <file-perms>
            <permission mode="640" regex=".*"/>
         </file-perms>
      </directory>
      <modifier type="delayed-deinstall" regex=".*" match-dirs="true"/>
      <modifier type="text" regex=".*\.sh"/>
      <modifier type="text" regex=".*\.cmd"/>
      <directory dest="bin" mode="750" patchable="true">
         <file size="1307" dest="attachHome.sh" mode="750"/>
         <file size="1367" dest="attachHome.cmd" os-family="windows" mode="750"/>
         <file size="1063" dest="detachHome.sh" mode="750"/>
         <file size="1057" dest="detachHome.cmd" os-family="windows" mode="750"/>
      </directory>
   </file-map>
   <file-map symbol="oracle.nginst.thirdparty.symbol" source="filegroup2.jar" expanded="true" compacted="true" bootstrap="true">
      <directory dest="bin" mode="750" patchable="true">
         <file size="5633" dest="copyBinary.sh" mode="750"/>
         <file size="5204" dest="copyBinary.cmd" os-family="windows" mode="750"/>
         <file size="6801" dest="pasteBinary.sh" mode="750"/>
         <file size="6204" dest="pasteBinary.cmd" os-family="windows" mode="750"/>
      </directory>
   </file-map>
   <file-map symbol="oracle.nginst.core.symbol" source="filegroup3.jar" expanded="true" compacted="true" bootstrap="true">
      <directory dest="prov" mode="750" patchable="true">
         <directory dest="resources" recurse="true" include-empty-dirs="false" mode="750" preserve-symlinks="false" patchable="true">
            <file size="1662" dest="logging_conf.xml" mode="640"/>
         </directory>
         <file-perms>
            <permission mode="640" regex=".*"/>
         </file-perms>
      </directory>
      <directory dest="prov" mode="750" patchable="true">
         <directory dest="resources" recurse="true" include-empty-dirs="false" mode="750" preserve-symlinks="false" patchable="true">
            <file size="3370" dest="ssPaths_linuxx64.properties" mode="640"/>
            <file size="727" dest="Paths.properties" mode="640"/>
            <file size="689" dest="ssPaths_aix.properties" mode="640"/>
            <file size="3365" dest="ssPaths_linux_zseries64.properties" mode="640"/>
            <file size="3010" dest="platformInfo.properties" mode="640"/>
            <file size="355" dest="userPaths.properties" mode="640"/>
            <file size="571" dest="ssPaths_solx86.properties" mode="640"/>
            <file size="4011" dest="sPaths.properties" mode="640"/>
            <file size="710" dest="ssPaths_decunix.properties" mode="640"/>
            <file size="764" dest="ssPaths_hpuix.properties" mode="640"/>
            <file size="2266" dest="ignoreMessages.txt" mode="640"/>
            <file size="571" dest="ssPaths_solx64.properties" mode="640"/>
            <file size="752" dest="ssPaths_hpi.properties" mode="640"/>
            <file size="2512" dest="ssPaths_msplats.properties" mode="640"/>
            <file size="3370" dest="ssPaths_linux_ia64.properties" mode="640"/>
            <file size="0" dest="remoteinterfaces_config.properties" mode="640"/>
            <file size="552" dest="system.properties" mode="640"/>
            <file size="3370" dest="ssPaths_linux_ppc64.properties" mode="640"/>
            <file size="665" dest="ssPaths_sol.properties" mode="640"/>
         </directory>
         <file-perms>
            <permission mode="640" regex=".*"/>
         </file-perms>
      </directory>
      <modifier type="text" regex=".*" match-dirs="true"/>
   </file-map>
   <stringsubs>
      <ns2:group id="test">
         <ns2:file-entry name="$oracle.nginst.core.symbol.path$/bin/attachHome.cmd"/>
         <ns2:file-entry name="$oracle.nginst.core.symbol.path$/bin/attachHome.sh"/>
         <ns2:file-entry name="$oracle.nginst.core.symbol.path$/bin/detachHome.cmd"/>
         <ns2:file-entry name="$oracle.nginst.core.symbol.path$/bin/detachHome.sh"/>
         <ns2:change-pair-ref name="ORACLE_HOME"/>
         <ns2:change-pair-ref name="ORACLE_HOME_NAME"/>
      </ns2:group>
      <ns2:change-pair id="ORACLE_HOME" before="@ORACLE_HOME@" after="$ORACLE_HOME$"/>
      <ns2:change-pair id="ORACLE_HOME_NAME" before="@ORACLE_HOME_NAME@" after="$ORACLE_HOME_NAME$"/>
   </stringsubs>
</component-def>