<?xml version = '1.0' encoding = 'UTF-8' standalone = 'yes'?>
<!-- Copyright (c) 1999, 2019, Oracle. All rights reserved. -->
<!-- Do not modify the contents of this file by hand. --><COMP_CONTEXT>
   <VAR_LIST SIZE="2">
      <VAR NAME="s_shortcutRoot" TYPE="String" DESC_RES_ID="s_shortcutRoot_DESC" SECURE="F" VAL="Oracle FMW - 12.2.1.3.0" ADV="F" CLONABLE="T" USER_INPUT="CALC"/>
      <VAR NAME="s_deinstallTitle" TYPE="String" DESC_RES_ID="s_deinstallTitle_DESC" SECURE="F" VAL="Uninstall OracleHome1" ADV="F" CLONABLE="T" USER_INPUT="CALC"/>
      <VAR NAME="PROD_HOME" TYPE="String" DESC_RES_ID="" SECURE="F" VAL="E:\SamplePOC\Coherence\CoherenceQuick\oracle.nginst.core" ADV="F" CLONABLE="T" USER_INPUT="CALC"/>
   </VAR_LIST>
   <CONST_LIST SIZE="12">
      <CONST NAME="Complete_DESC" PLAT_SP="F" TYPE="String" TRANS="T" VAL="Complete_DESC_ALL"/>
      <CONST NAME="s_deinstallTitle_DESC" PLAT_SP="F" TYPE="String" TRANS="F" VAL="De-Install Windows Shortcut Title"/>
      <CONST NAME="COMPONENT_NAME" PLAT_SP="F" TYPE="String" TRANS="F" VAL="oracle.nginst.core"/>
      <CONST NAME="Minimum" PLAT_SP="F" TYPE="String" TRANS="T" VAL="Minimum_ALL"/>
      <CONST NAME="Typical" PLAT_SP="F" TYPE="String" TRANS="T" VAL="Typical_ALL"/>
      <CONST NAME="COMPONENT_DESC" PLAT_SP="F" TYPE="String" TRANS="T" VAL="COMPONENT_DESC_ALL"/>
      <CONST NAME="Custom" PLAT_SP="F" TYPE="String" TRANS="T" VAL="Custom_ALL"/>
      <CONST NAME="s_shortcutRoot_DESC" PLAT_SP="F" TYPE="String" TRANS="F" VAL="Windows Shortcut Directory"/>
      <CONST NAME="Typical_DESC" PLAT_SP="F" TYPE="String" TRANS="T" VAL="Typical_DESC_ALL"/>
      <CONST NAME="Minimum_DESC" PLAT_SP="F" TYPE="String" TRANS="T" VAL="Minimum_DESC_ALL"/>
      <CONST NAME="Custom_DESC" PLAT_SP="F" TYPE="String" TRANS="T" VAL="Custom_DESC_ALL"/>
      <CONST NAME="Complete" PLAT_SP="F" TYPE="String" TRANS="T" VAL="Complete_ALL"/>
   </CONST_LIST>
</COMP_CONTEXT>