<?xml version = '1.0' encoding = 'UTF-8' standalone = 'yes'?>
<component-def name="oracle.com.fasterxml.jackson.core.jackson.databind" version="2.7.9.1.0" description="Oracle Com Fasterxml Jackson Core Jackson Databind" description-key="component.description" gdr-version="1.8.2.0" xmlns:ns2="http://xmlns.oracle.com/cie/stringsubs" xmlns="http://xmlns.oracle.com/cie/gdr/cpd">
   <file-map symbol="thirdparty.symbol" source="filegroup1.jar" expanded="true" compacted="true" bootstrap="true">
      <directory dest="modules" mode="750" patchable="true">
         <directory dest="thirdparty" mode="750" patchable="true">
            <file size="1208449" dest="jackson-databind-2.7.9.1.jar" mode="640" patchable="true" group="com.fasterxml.jackson.core" artifact="jackson-databind" version="2.7.9.1" type="jar"/>
         </directory>
      </directory>
      <file-perms>
         <permission mode="750" regex=".*\.sh" match-dirs="false"/>
         <permission mode="750" regex=".*\.cmd" match-dirs="false"/>
         <permission mode="750" regex=".*\.bat" match-dirs="false"/>
         <permission mode="750" regex=".*\.exe" match-dirs="false"/>
         <permission mode="750" regex=".*\.bin" match-dirs="false"/>
         <permission mode="750" regex=".*\.pl" match-dirs="false"/>
         <permission mode="750" regex=".*\.py" match-dirs="false"/>
         <permission mode="640" regex=".*" match-dirs="false"/>
         <permission mode="750" regex=".*" match-dirs="true"/>
      </file-perms>
   </file-map>
   <libraries>
      <library name="jackson-databind" type="none" version="2.7.9" size="1208449">
         <entry explode="true" include-parent="false" name="modules/thirdparty/jackson-databind-2.7.9.1.jar"/>
      </library>
   </libraries>
</component-def>