<?xml version = '1.0' encoding = 'UTF-8' standalone = 'yes'?>
<component-def name="oracle.xerces.xercesimpl" version="2.11.0.0.0" description="Oracle Xerces Xercesimpl" description-key="component.description" gdr-version="1.8.2.0" xmlns:ns2="http://xmlns.oracle.com/cie/stringsubs" xmlns="http://xmlns.oracle.com/cie/gdr/cpd">
   <file-map symbol="thirdparty.symbol" source="filegroup1.jar" expanded="true" compacted="true" bootstrap="true">
      <directory dest="modules" mode="750" patchable="true">
         <directory dest="thirdparty" mode="750" patchable="true">
            <file size="1367760" dest="xercesImpl-2.11.0.jar" mode="640" patchable="true" group="xerces" artifact="xercesImpl" version="2.11.0" type="jar"/>
         </directory>
      </directory>
      <file-perms>
         <permission mode="750" regex=".*\.sh" match-dirs="false"/>
         <permission mode="750" regex=".*\.cmd" match-dirs="false"/>
         <permission mode="750" regex=".*\.bat" match-dirs="false"/>
         <permission mode="750" regex=".*\.exe" match-dirs="false"/>
         <permission mode="750" regex=".*\.bin" match-dirs="false"/>
         <permission mode="750" regex=".*\.pl" match-dirs="false"/>
         <permission mode="750" regex=".*\.py" match-dirs="false"/>
         <permission mode="640" regex=".*" match-dirs="false"/>
         <permission mode="750" regex=".*" match-dirs="true"/>
      </file-perms>
   </file-map>
   <libraries>
      <library name="xercesimpl" type="none" version="2.11.0" size="1367760">
         <entry explode="true" include-parent="false" name="modules/thirdparty/xercesImpl-2.11.0.jar"/>
      </library>
   </libraries>
</component-def>