<?xml version = '1.0' encoding = 'UTF-8' standalone = 'yes'?>
<component-def name="oracle.fmw.common.wizard.resources" version="12.2.1.0.0" description="Fusion Middleware Common Wizard Resources" gdr-version="1.6.0.0" pom-gen="false" groupId="com.oracle.fmwshare" xmlns:ns2="http://xmlns.oracle.com/cie/stringsubs" xmlns="http://xmlns.oracle.com/cie/gdr/cpd">
   <file-map symbol="oracle.fmw.common.wizard.resources.symbol" source="filegroup1.jar" expanded="true" compacted="true" bootstrap="true">
      <directory dest="" patchable="true">
         <directory dest="jlib" mode="750" patchable="true">
            <file size="37979" dest="wizardCommonResources.jar" mode="640"/>
         </directory>
         <file-perms>
            <permission mode="640" regex=".*"/>
         </file-perms>
      </directory>
      <file-perms>
         <permission mode="750" regex=".*" match-dirs="true"/>
      </file-perms>
   </file-map>
</component-def>