<?xml version = '1.0' encoding = 'UTF-8' standalone = 'yes'?>
<component-def name="oracle.toplink.coherence" version="12.2.1.3.0" description="OracleAS TopLink Coherence" gdr-version="1.8.2.0" groupId="com.oracle.toplink" xmlns:ns2="http://xmlns.oracle.com/cie/stringsubs" xmlns="http://xmlns.oracle.com/cie/gdr/cpd">
   <file-map symbol="toplink.coherence.symbol" source="filegroup1.jar" expanded="true" compacted="true">
      <directory dest="" patchable="true">
         <directory dest="lib" mode="750" patchable="true">
            <file size="4944" dest="coherence-jpa.jar" mode="640"/>
         </directory>
         <file-perms>
            <permission mode="640" regex=".*"/>
         </file-perms>
      </directory>
      <file-perms>
         <permission mode="750" regex=".*" match-dirs="true"/>
      </file-perms>
   </file-map>
   <default-pom-override groupId="com.oracle.toplink"/>
   <libraries>
      <library name="coherence.jpa.lib" type="none" size="4944">
         <entry explode="true" include-parent="false" name="lib/coherence-jpa.jar"/>
      </library>
   </libraries>
</component-def>