<?xml version = '1.0' encoding = 'UTF-8' standalone = 'yes'?>
<component-def name="oracle.bali.share" version="12.2.1.3.0" description="Oracle Bali Share" gdr-version="1.8.0.0" groupId="com.oracle.fmwshare" xmlns:ns2="http://xmlns.oracle.com/cie/stringsubs" xmlns="http://xmlns.oracle.com/cie/gdr/cpd">
   <file-map symbol="jewt.symbol" source="filegroup1.jar" expanded="true" compacted="true" bootstrap="true">
      <directory dest="modules" mode="750" patchable="true">
         <directory dest="oracle.bali.share" mode="750" patchable="true">
            <file size="56417" dest="share.jar" mode="640"/>
         </directory>
      </directory>
      <file-perms>
         <permission mode="640" name="share.jar"/>
         <permission mode="750" regex=".*" match-dirs="true"/>
      </file-perms>
   </file-map>
   <libraries>
      <library name="bali_share_entry" type="none" size="56417">
         <entry explode="true" include-parent="false" name="modules/oracle.bali.share/share.jar"/>
      </library>
      <library name="jrf.wlst.classpath" type="manifest" suppress-version="true">
         <entry explode="true" include-parent="false" name="modules/oracle.bali.share/share.jar"/>
      </library>
      <library name="jrf.wls.classpath" type="manifest" suppress-version="true">
         <entry explode="true" include-parent="false" name="modules/oracle.bali.share/share.jar"/>
      </library>
      <library name="oracle.jrf.adf.commonruntime" type="none" suppress-version="true" size="56417">
         <entry explode="true" include-parent="false" name="modules/oracle.bali.share/share.jar"/>
      </library>
   </libraries>
</component-def>