<?xml version = '1.0' encoding = 'UTF-8' standalone = 'yes'?>
<registry home="E:\SamplePOC\Coherence\CoherenceQuick" platform="233" sessions="1" xmlns:ns2="http://xmlns.oracle.com/cie/gdr/dei" xmlns:ns3="http://xmlns.oracle.com/cie/gdr/nfo" xmlns="http://xmlns.oracle.com/cie/gdr/rgy">
   <distributions>
      <distribution status="installed" name="Coherence_Quick" version="12.2.1.3.0">
         <sessions>
            <session id="1" date="2019-04-27T03:29:54.457+05:30" action="install"/>
         </sessions>
         <features>
            <feature status="installed" name="thirdParty_comFasterxmlJacksonCoreJacksonCore" version="2.7.9.0.0">
               <sessions>
                  <session id="1" date="2019-04-27T03:29:54.457+05:30" action="install"/>
               </sessions>
               <components>
                  <component status="installed" name="oracle.com.fasterxml.jackson.core.jackson.core" version="2.7.9.0.0">
                     <sessions>
                        <session id="1" date="2019-04-27T03:29:54.457+05:30" action="install"/>
                     </sessions>
                     <targets>
                        <target qualifier="filegroup1.jar+oracle_common" source="filegroup1.jar" symbol="thirdparty.symbol" location="oracle_common" status="installed">
                           <sessions>
                              <session id="1" date="2019-04-27T03:29:54.457+05:30" action="install"/>
                           </sessions>
                        </target>
                     </targets>
                  </component>
               </components>
            </feature>
            <feature singleton="true" status="installed" name="thirdPartyMain_comFasterxmlJacksonCoreJacksonCore" version="2.7.9.0.0">
               <sessions>
                  <session id="1" date="2019-04-27T03:29:54.457+05:30" action="install"/>
               </sessions>
            </feature>
            <feature status="installed" name="thirdParty_comFasterxmlJacksonCoreJacksonDatabind" version="2.7.9.1.0">
               <sessions>
                  <session id="1" date="2019-04-27T03:29:54.457+05:30" action="install"/>
               </sessions>
               <components>
                  <component status="installed" name="oracle.com.fasterxml.jackson.core.jackson.databind" version="2.7.9.1.0">
                     <sessions>
                        <session id="1" date="2019-04-27T03:29:54.457+05:30" action="install"/>
                     </sessions>
                     <targets>
                        <target qualifier="filegroup1.jar+oracle_common" source="filegroup1.jar" symbol="thirdparty.symbol" location="oracle_common" status="installed">
                           <sessions>
                              <session id="1" date="2019-04-27T03:29:54.457+05:30" action="install"/>
                           </sessions>
                        </target>
                     </targets>
                  </component>
               </components>
            </feature>
            <feature singleton="true" status="installed" name="thirdPartyMain_comFasterxmlJacksonCoreJacksonDatabind" version="2.7.9.1.0">
               <sessions>
                  <session id="1" date="2019-04-27T03:29:54.457+05:30" action="install"/>
               </sessions>
            </feature>
            <feature status="installed" name="thirdParty_comJcraftJsch" version="0.1.53.0.0">
               <sessions>
                  <session id="1" date="2019-04-27T03:29:54.457+05:30" action="install"/>
               </sessions>
               <components>
                  <component status="installed" name="oracle.com.jcraft.jsch" version="0.1.53.0.0">
                     <sessions>
                        <session id="1" date="2019-04-27T03:29:54.457+05:30" action="install"/>
                     </sessions>
                     <targets>
                        <target qualifier="filegroup1.jar+oracle_common" source="filegroup1.jar" symbol="thirdparty.symbol" location="oracle_common" status="installed">
                           <sessions>
                              <session id="1" date="2019-04-27T03:29:54.457+05:30" action="install"/>
                           </sessions>
                        </target>
                     </targets>
                  </component>
               </components>
            </feature>
            <feature singleton="true" status="installed" name="thirdPartyMain_comJcraftJsch" version="0.1.53.0.0">
               <sessions>
                  <session id="1" date="2019-04-27T03:29:54.457+05:30" action="install"/>
               </sessions>
            </feature>
            <feature status="installed" name="thirdParty_log4jLog4j" version="1.2.17.0.0">
               <sessions>
                  <session id="1" date="2019-04-27T03:29:54.457+05:30" action="install"/>
               </sessions>
               <components>
                  <component status="installed" name="oracle.log4j.log4j" version="1.2.17.0.0">
                     <sessions>
                        <session id="1" date="2019-04-27T03:29:54.457+05:30" action="install"/>
                     </sessions>
                     <targets>
                        <target qualifier="filegroup1.jar+oracle_common" source="filegroup1.jar" symbol="thirdparty.symbol" location="oracle_common" status="installed">
                           <sessions>
                              <session id="1" date="2019-04-27T03:29:54.457+05:30" action="install"/>
                           </sessions>
                        </target>
                     </targets>
                  </component>
               </components>
            </feature>
            <feature singleton="true" status="installed" name="thirdPartyMain_log4jLog4j" version="1.2.17.0.0">
               <sessions>
                  <session id="1" date="2019-04-27T03:29:54.457+05:30" action="install"/>
               </sessions>
            </feature>
            <feature status="installed" name="thirdParty_xercesXercesimpl" version="2.11.0.0.0">
               <sessions>
                  <session id="1" date="2019-04-27T03:29:54.457+05:30" action="install"/>
               </sessions>
               <components>
                  <component status="installed" name="oracle.xerces.xercesimpl" version="2.11.0.0.0">
                     <sessions>
                        <session id="1" date="2019-04-27T03:29:54.457+05:30" action="install"/>
                     </sessions>
                     <targets>
                        <target qualifier="filegroup1.jar+oracle_common" source="filegroup1.jar" symbol="thirdparty.symbol" location="oracle_common" status="installed">
                           <sessions>
                              <session id="1" date="2019-04-27T03:29:54.457+05:30" action="install"/>
                           </sessions>
                        </target>
                     </targets>
                  </component>
               </components>
            </feature>
            <feature singleton="true" status="installed" name="thirdPartyMain_xercesXercesimpl" version="2.11.0.0.0">
               <sessions>
                  <session id="1" date="2019-04-27T03:29:54.457+05:30" action="install"/>
               </sessions>
            </feature>
            <feature status="installed" name="jrf_dmsJse" version="12.2.1.3.0">
               <sessions>
                  <session id="1" date="2019-04-27T03:29:54.457+05:30" action="install"/>
               </sessions>
               <components>
                  <component status="installed" name="oracle.jse.dms" version="12.2.1.3.0">
                     <sessions>
                        <session id="1" date="2019-04-27T03:29:54.457+05:30" action="install"/>
                     </sessions>
                     <targets>
                        <target qualifier="filegroup1.jar+oracle_common" source="filegroup1.jar" symbol="jrf.symbol" location="oracle_common" status="installed">
                           <sessions>
                              <session id="1" date="2019-04-27T03:29:54.457+05:30" action="install"/>
                           </sessions>
                        </target>
                     </targets>
                  </component>
               </components>
            </feature>
            <feature status="installed" name="jrf_presoTools_core" version="12.2.1.3.0">
               <sessions>
                  <session id="1" date="2019-04-27T03:29:54.457+05:30" action="install"/>
               </sessions>
               <components>
                  <component status="installed" name="oracle.help.ohj" version="12.2.1.3.0">
                     <sessions>
                        <session id="1" date="2019-04-27T03:29:54.457+05:30" action="install"/>
                     </sessions>
                     <targets>
                        <target qualifier="filegroup1.jar+oracle_common" source="filegroup1.jar" symbol="help.common.symbol" location="oracle_common" status="installed">
                           <sessions>
                              <session id="1" date="2019-04-27T03:29:54.457+05:30" action="install"/>
                           </sessions>
                        </target>
                     </targets>
                  </component>
                  <component status="installed" name="oracle.help.share" version="12.2.1.3.0">
                     <sessions>
                        <session id="1" date="2019-04-27T03:29:54.457+05:30" action="install"/>
                     </sessions>
                     <targets>
                        <target qualifier="filegroup1.jar+oracle_common" source="filegroup1.jar" symbol="help.common.symbol" location="oracle_common" status="installed">
                           <sessions>
                              <session id="1" date="2019-04-27T03:29:54.457+05:30" action="install"/>
                           </sessions>
                        </target>
                     </targets>
                  </component>
                  <component status="installed" name="oracle.bali.ice" version="12.2.1.3.0">
                     <sessions>
                        <session id="1" date="2019-04-27T03:29:54.457+05:30" action="install"/>
                     </sessions>
                     <targets>
                        <target qualifier="filegroup1.jar+oracle_common" source="filegroup1.jar" symbol="help.common.symbol" location="oracle_common" status="installed">
                           <sessions>
                              <session id="1" date="2019-04-27T03:29:54.457+05:30" action="install"/>
                           </sessions>
                        </target>
                     </targets>
                  </component>
                  <component status="installed" name="oracle.bali.jewt" version="12.2.1.3.0">
                     <sessions>
                        <session id="1" date="2019-04-27T03:29:54.457+05:30" action="install"/>
                     </sessions>
                     <targets>
                        <target qualifier="filegroup1.jar+oracle_common" source="filegroup1.jar" symbol="oracle.bali.jewt.dir" location="oracle_common" status="installed">
                           <sessions>
                              <session id="1" date="2019-04-27T03:29:54.457+05:30" action="install"/>
                           </sessions>
                        </target>
                     </targets>
                  </component>
                  <component status="installed" name="oracle.bali.share" version="12.2.1.3.0">
                     <sessions>
                        <session id="1" date="2019-04-27T03:29:54.457+05:30" action="install"/>
                     </sessions>
                     <targets>
                        <target qualifier="filegroup1.jar+oracle_common" source="filegroup1.jar" symbol="jewt.symbol" location="oracle_common" status="installed">
                           <sessions>
                              <session id="1" date="2019-04-27T03:29:54.457+05:30" action="install"/>
                           </sessions>
                        </target>
                     </targets>
                  </component>
               </components>
            </feature>
            <feature status="installed" name="jrf_presoTools" version="12.2.1.3.0">
               <sessions>
                  <session id="1" date="2019-04-27T03:29:54.457+05:30" action="install"/>
               </sessions>
               <components>
                  <component status="installed" name="oracle.fmw.common.wizard.resources" version="12.2.1.0.0">
                     <sessions>
                        <session id="1" date="2019-04-27T03:29:54.457+05:30" action="install"/>
                     </sessions>
                     <targets>
                        <target qualifier="filegroup1.jar+oracle_common" source="filegroup1.jar" symbol="oracle.fmw.common.wizard.resources.symbol" location="oracle_common" status="installed">
                           <sessions>
                              <session id="1" date="2019-04-27T03:29:54.457+05:30" action="install"/>
                           </sessions>
                        </target>
                     </targets>
                  </component>
               </components>
            </feature>
            <feature status="installed" name="thirdParty_oracleJaxbRITools" version="2.3.0.0.0">
               <sessions>
                  <session id="1" date="2019-04-27T03:29:54.457+05:30" action="install"/>
               </sessions>
               <components>
                  <component status="installed" name="oracle.jaxb.tools" version="2.3.0.0.0">
                     <sessions>
                        <session id="1" date="2019-04-27T03:29:54.457+05:30" action="install"/>
                     </sessions>
                     <targets>
                        <target qualifier="filegroup1.jar+oracle_common" source="filegroup1.jar" symbol="jrf.symbol" location="oracle_common" status="installed">
                           <sessions>
                              <session id="1" date="2019-04-27T03:29:54.457+05:30" action="install"/>
                           </sessions>
                        </target>
                     </targets>
                  </component>
               </components>
            </feature>
            <feature status="installed" name="thirdParty_oracleJaxbRIRuntime" version="2.3.0.0.0">
               <sessions>
                  <session id="1" date="2019-04-27T03:29:54.457+05:30" action="install"/>
               </sessions>
               <components>
                  <component status="installed" name="oracle.jaxb.impl" version="2.3.0.0.0">
                     <sessions>
                        <session id="1" date="2019-04-27T03:29:54.457+05:30" action="install"/>
                     </sessions>
                     <targets>
                        <target qualifier="filegroup1.jar+oracle_common" source="filegroup1.jar" symbol="jrf.symbol" location="oracle_common" status="installed">
                           <sessions>
                              <session id="1" date="2019-04-27T03:29:54.457+05:30" action="install"/>
                           </sessions>
                        </target>
                     </targets>
                  </component>
               </components>
            </feature>
            <feature status="installed" name="thirdParty_oracleJaxbRICore" version="2.3.0.0.0">
               <sessions>
                  <session id="1" date="2019-04-27T03:29:54.457+05:30" action="install"/>
               </sessions>
               <components>
                  <component status="installed" name="oracle.jaxb.core" version="2.3.0.0.0">
                     <sessions>
                        <session id="1" date="2019-04-27T03:29:54.457+05:30" action="install"/>
                     </sessions>
                     <targets>
                        <target qualifier="filegroup1.jar+oracle_common" source="filegroup1.jar" symbol="jrf.symbol" location="oracle_common" status="installed">
                           <sessions>
                              <session id="1" date="2019-04-27T03:29:54.457+05:30" action="install"/>
                           </sessions>
                        </target>
                     </targets>
                  </component>
               </components>
            </feature>
            <feature status="installed" name="thirdParty_oracleJaxbRI" version="2.3.0.0.0">
               <sessions>
                  <session id="1" date="2019-04-27T03:29:54.457+05:30" action="install"/>
               </sessions>
            </feature>
            <feature status="installed" name="java_activation" version="12.2.1.3.0">
               <sessions>
                  <session id="1" date="2019-04-27T03:29:54.457+05:30" action="install"/>
               </sessions>
               <components>
                  <component status="installed" name="oracle.java.activation" version="12.2.1.3.0">
                     <sessions>
                        <session id="1" date="2019-04-27T03:29:54.457+05:30" action="install"/>
                     </sessions>
                     <targets>
                        <target qualifier="filegroup1.jar+oracle_common" source="filegroup1.jar" symbol="wls.common.symbol" location="oracle_common" status="installed">
                           <sessions>
                              <session id="1" date="2019-04-27T03:29:54.457+05:30" action="install"/>
                           </sessions>
                        </target>
                     </targets>
                  </component>
               </components>
            </feature>
            <feature status="installed" name="java_xml_bind" version="2.3.0.0.0">
               <sessions>
                  <session id="1" date="2019-04-27T03:29:54.457+05:30" action="install"/>
               </sessions>
               <components>
                  <component status="installed" name="oracle.java.xml.bind" version="2.3.0.0.0">
                     <sessions>
                        <session id="1" date="2019-04-27T03:29:54.457+05:30" action="install"/>
                     </sessions>
                     <targets>
                        <target qualifier="filegroup1.jar+oracle_common" source="filegroup1.jar" symbol="wls.common.symbol" location="oracle_common" status="installed">
                           <sessions>
                              <session id="1" date="2019-04-27T03:29:54.457+05:30" action="install"/>
                           </sessions>
                        </target>
                     </targets>
                  </component>
               </components>
            </feature>
            <feature status="installed" name="db_nlsoramapping" version="12.2.0.1.0">
               <sessions>
                  <session id="1" date="2019-04-27T03:29:54.457+05:30" action="install"/>
               </sessions>
               <components>
                  <component status="installed" name="oracle.nlsoramapping.jrf" version="12.2.0.1.0">
                     <sessions>
                        <session id="1" date="2019-04-27T03:29:54.457+05:30" action="install"/>
                     </sessions>
                     <targets>
                        <target qualifier="filegroup1.jar+oracle_common" source="filegroup1.jar" symbol="rdbms.jrf.common.symbol" location="oracle_common" status="installed">
                           <sessions>
                              <session id="1" date="2019-04-27T03:29:54.457+05:30" action="install"/>
                           </sessions>
                        </target>
                     </targets>
                  </component>
               </components>
            </feature>
            <feature singleton="true" status="installed" name="glcm_common_logging" version="13.9.2.0.0">
               <sessions>
                  <session id="1" date="2019-04-27T03:29:54.457+05:30" action="install"/>
               </sessions>
               <components>
                  <component status="installed" name="oracle.glcm.logging" version="1.6.2.0.0">
                     <sessions>
                        <session id="1" date="2019-04-27T03:29:54.457+05:30" action="install"/>
                     </sessions>
                     <targets>
                        <target qualifier="filegroup1.jar+oracle_common" source="filegroup1.jar" symbol="glcm.logging.symbol" location="oracle_common" status="installed">
                           <sessions>
                              <session id="1" date="2019-04-27T03:29:54.457+05:30" action="install"/>
                           </sessions>
                        </target>
                     </targets>
                  </component>
               </components>
            </feature>
            <feature singleton="true" status="installed" name="glcm_common" version="13.9.2.0.0">
               <sessions>
                  <session id="1" date="2019-04-27T03:29:54.457+05:30" action="install"/>
               </sessions>
               <components>
                  <component status="installed" name="oracle.glcm.comdev" version="7.8.2.0.0">
                     <sessions>
                        <session id="1" date="2019-04-27T03:29:54.457+05:30" action="install"/>
                     </sessions>
                     <targets>
                        <target qualifier="filegroup1.jar+oracle_common" source="filegroup1.jar" symbol="oracle.glcm.comdev.symbol" location="oracle_common" status="installed">
                           <sessions>
                              <session id="1" date="2019-04-27T03:29:54.457+05:30" action="install"/>
                           </sessions>
                        </target>
                     </targets>
                  </component>
                  <component status="installed" name="oracle.glcm.dependency" version="1.8.2.0.0">
                     <sessions>
                        <session id="1" date="2019-04-27T03:29:54.457+05:30" action="install"/>
                     </sessions>
                     <targets>
                        <target qualifier="filegroup1.jar+oracle_common" source="filegroup1.jar" symbol="oracle.glcm.dependency.symbol" location="oracle_common" status="installed">
                           <sessions>
                              <session id="1" date="2019-04-27T03:29:54.457+05:30" action="install"/>
                           </sessions>
                        </target>
                     </targets>
                  </component>
                  <component status="installed" name="oracle.glcm.xmldh" version="3.4.2.0.0">
                     <sessions>
                        <session id="1" date="2019-04-27T03:29:54.457+05:30" action="install"/>
                     </sessions>
                     <targets>
                        <target qualifier="filegroup1.jar+oracle_common" source="filegroup1.jar" symbol="oracle.glcm.xmldh.symbol" location="oracle_common" status="installed">
                           <sessions>
                              <session id="1" date="2019-04-27T03:29:54.457+05:30" action="install"/>
                           </sessions>
                        </target>
                     </targets>
                  </component>
                  <component status="installed" name="oracle.glcm.wizard" version="7.8.2.0.0">
                     <sessions>
                        <session id="1" date="2019-04-27T03:29:54.457+05:30" action="install"/>
                     </sessions>
                     <targets>
                        <target qualifier="filegroup1.jar+oracle_common" source="filegroup1.jar" symbol="oracle.glcm.wizard.symbol" location="oracle_common" status="installed">
                           <sessions>
                              <session id="1" date="2019-04-27T03:29:54.457+05:30" action="install"/>
                           </sessions>
                        </target>
                     </targets>
                  </component>
               </components>
            </feature>
            <feature status="installed" name="orapki" version="12.2.1.3.0">
               <sessions>
                  <session id="1" date="2019-04-27T03:29:54.457+05:30" action="install"/>
               </sessions>
               <components>
                  <component status="installed" name="oracle.osdt.core" version="12.2.1.3.0">
                     <sessions>
                        <session id="1" date="2019-04-27T03:29:54.457+05:30" action="install"/>
                     </sessions>
                     <targets>
                        <target qualifier="filegroup1.jar+oracle_common" source="filegroup1.jar" symbol="osdt.symbol" location="oracle_common" status="installed">
                           <sessions>
                              <session id="1" date="2019-04-27T03:29:54.457+05:30" action="install"/>
                           </sessions>
                        </target>
                     </targets>
                  </component>
                  <component status="installed" name="oracle.pki" version="12.2.1.3.0">
                     <sessions>
                        <session id="1" date="2019-04-27T03:29:54.457+05:30" action="install"/>
                     </sessions>
                     <targets>
                        <target qualifier="filegroup1.jar+oracle_common" source="filegroup1.jar" symbol="orapki.symbol" location="oracle_common" status="installed">
                           <sessions>
                              <session id="1" date="2019-04-27T03:29:54.457+05:30" action="install"/>
                           </sessions>
                        </target>
                     </targets>
                  </component>
                  <component status="installed" name="oracle.rsa.crypto" version="12.2.1.3.0">
                     <sessions>
                        <session id="1" date="2019-04-27T03:29:54.457+05:30" action="install"/>
                     </sessions>
                     <targets>
                        <target qualifier="filegroup1.jar+oracle_common" source="filegroup1.jar" symbol="rsa.symbol" location="oracle_common" status="installed">
                           <sessions>
                              <session id="1" date="2019-04-27T03:29:54.457+05:30" action="install"/>
                           </sessions>
                        </target>
                     </targets>
                  </component>
               </components>
            </feature>
            <feature singleton="true" status="installed" name="glcm_encryption" version="13.9.2.0.0">
               <sessions>
                  <session id="1" date="2019-04-27T03:29:54.457+05:30" action="install"/>
               </sessions>
               <components>
                  <component status="installed" name="oracle.glcm.encryption" version="2.7.2.0.0">
                     <sessions>
                        <session id="1" date="2019-04-27T03:29:54.457+05:30" action="install"/>
                     </sessions>
                     <targets>
                        <target qualifier="filegroup1.jar+oracle_common" source="filegroup1.jar" symbol="oracle.glcm.encryption.symbol" location="oracle_common" status="installed">
                           <sessions>
                              <session id="1" date="2019-04-27T03:29:54.457+05:30" action="install"/>
                           </sessions>
                        </target>
                     </targets>
                  </component>
               </components>
            </feature>
            <feature status="installed" name="oraclexdk_jrf_xmlparser" version="12.2.1.3.0">
               <sessions>
                  <session id="1" date="2019-04-27T03:29:54.457+05:30" action="install"/>
               </sessions>
               <components>
                  <component singleton="true" status="installed" name="oracle.xdk.jrf.xmlparserv2" version="12.2.1.3.0">
                     <sessions>
                        <session id="1" date="2019-04-27T03:29:54.457+05:30" action="install"/>
                     </sessions>
                     <targets>
                        <target qualifier="filegroup1.jar+oracle_common" source="filegroup1.jar" symbol="rdbms.jrf.common.symbol" location="oracle_common" status="installed">
                           <sessions>
                              <session id="1" date="2019-04-27T03:29:54.457+05:30" action="install"/>
                           </sessions>
                        </target>
                     </targets>
                  </component>
               </components>
            </feature>
            <feature singleton="true" status="installed" name="glcm_opatch_common_api" version="13.9.2.0.0">
               <sessions>
                  <session id="1" date="2019-04-27T03:29:54.457+05:30" action="install"/>
               </sessions>
               <components>
                  <component status="installed" name="oracle.glcm.opatch.common.api" version="13.9.2.0.0">
                     <sessions>
                        <session id="1" date="2019-04-27T03:29:54.457+05:30" action="install"/>
                     </sessions>
                     <targets>
                        <target qualifier="filegroup1.jar+OPatch" source="filegroup1.jar" symbol="oracle.glcm.opatch.common.api.symbol" location="OPatch" status="installed">
                           <sessions>
                              <session id="1" date="2019-04-27T03:29:54.457+05:30" action="install"/>
                           </sessions>
                        </target>
                     </targets>
                  </component>
               </components>
            </feature>
            <feature singleton="true" status="installed" name="nginst_core" version="13.9.2.0.0">
               <sessions>
                  <session id="1" date="2019-04-27T03:29:54.457+05:30" action="install"/>
               </sessions>
               <components>
                  <component singleton="true" status="installed" name="oracle.nginst.common" version="13.9.2.0.0">
                     <sessions>
                        <session id="1" date="2019-04-27T03:29:54.457+05:30" action="install"/>
                     </sessions>
                     <targets>
                        <target qualifier="filegroup1.jar+oui" source="filegroup1.jar" symbol="oracle.nginst.common.symbol" location="oui" status="installed">
                           <sessions>
                              <session id="1" date="2019-04-27T03:29:54.457+05:30" action="install"/>
                           </sessions>
                        </target>
                        <target qualifier="filegroup3.jar+oui" source="filegroup3.jar" symbol="oracle.nginst.common.symbol" location="oui" status="installed">
                           <sessions>
                              <session id="1" date="2019-04-27T03:29:54.457+05:30" action="install"/>
                           </sessions>
                        </target>
                     </targets>
                  </component>
                  <component singleton="true" status="installed" name="oracle.nginst.core" version="13.9.2.0.0">
                     <sessions>
                        <session id="1" date="2019-04-27T03:29:54.457+05:30" action="install"/>
                     </sessions>
                     <targets>
                        <target qualifier="filegroup1.jar+oui" source="filegroup1.jar" symbol="oracle.nginst.core.symbol" location="oui" status="installed">
                           <sessions>
                              <session id="1" date="2019-04-27T03:29:54.457+05:30" action="install"/>
                           </sessions>
                        </target>
                        <target qualifier="filegroup2.jar+oracle_common" source="filegroup2.jar" symbol="oracle.nginst.thirdparty.symbol" location="oracle_common" status="installed">
                           <sessions>
                              <session id="1" date="2019-04-27T03:29:54.457+05:30" action="install"/>
                           </sessions>
                        </target>
                        <target qualifier="filegroup3.jar+oui" source="filegroup3.jar" symbol="oracle.nginst.core.symbol" location="oui" status="installed">
                           <sessions>
                              <session id="1" date="2019-04-27T03:29:54.457+05:30" action="install"/>
                           </sessions>
                        </target>
                     </targets>
                  </component>
                  <component status="installed" name="oracle.nginst.thirdparty" version="13.9.2.0.0">
                     <sessions>
                        <session id="1" date="2019-04-27T03:29:54.457+05:30" action="install"/>
                     </sessions>
                     <targets>
                        <target qualifier="filegroup1.jar+oracle_common" source="filegroup1.jar" symbol="oracle.nginst.thirdparty.symbol" location="oracle_common" status="installed">
                           <sessions>
                              <session id="1" date="2019-04-27T03:29:54.457+05:30" action="install"/>
                           </sessions>
                        </target>
                     </targets>
                  </component>
               </components>
            </feature>
            <feature singleton="true" status="installed" name="opatch" version="13.9.2.0.0">
               <sessions>
                  <session id="1" date="2019-04-27T03:29:54.457+05:30" action="install"/>
               </sessions>
               <components>
                  <component status="installed" name="oracle.swd.opatch" version="13.9.2.0.0">
                     <sessions>
                        <session id="1" date="2019-04-27T03:29:54.457+05:30" action="install"/>
                     </sessions>
                     <targets>
                        <target qualifier="filegroup1.jar+OPatch" source="filegroup1.jar" symbol="oracle.swd.opatch.symbol" location="OPatch" status="installed">
                           <sessions>
                              <session id="1" date="2019-04-27T03:29:54.457+05:30" action="install"/>
                           </sessions>
                        </target>
                        <target qualifier="filegroup2.jar+OPatch" source="filegroup2.jar" symbol="oracle.swd.opatch.symbol" location="OPatch" status="installed">
                           <sessions>
                              <session id="1" date="2019-04-27T03:29:54.457+05:30" action="install"/>
                           </sessions>
                        </target>
                     </targets>
                  </component>
               </components>
            </feature>
            <feature status="installed" name="fmw_install_framework" version="12.2.1.3.0">
               <sessions>
                  <session id="1" date="2019-04-27T03:29:54.457+05:30" action="install"/>
               </sessions>
               <components>
                  <component status="installed" name="oracle.as.install.ui.framework" version="12.2.1.3.0">
                     <sessions>
                        <session id="1" date="2019-04-27T03:29:54.457+05:30" action="install"/>
                     </sessions>
                     <targets>
                        <target qualifier="filegroup1.jar+oui" source="filegroup1.jar" symbol="asinst.framework.symbol" location="oui" status="installed">
                           <sessions>
                              <session id="1" date="2019-04-27T03:29:54.457+05:30" action="install"/>
                           </sessions>
                        </target>
                        <target qualifier="filegroup2.jar+oui" source="filegroup2.jar" symbol="asinst.framework.symbol" location="oui" status="installed">
                           <sessions>
                              <session id="1" date="2019-04-27T03:29:54.457+05:30" action="install"/>
                           </sessions>
                        </target>
                     </targets>
                  </component>
                  <component status="installed" name="oracle.as.install.common.prerequisite.files" version="12.2.1.3.0">
                     <sessions>
                        <session id="1" date="2019-04-27T03:29:54.457+05:30" action="install"/>
                     </sessions>
                     <targets>
                        <target qualifier="filegroup1.jar+oui" source="filegroup1.jar" symbol="asinst.framework.symbol" location="oui" status="installed">
                           <sessions>
                              <session id="1" date="2019-04-27T03:29:54.457+05:30" action="install"/>
                           </sessions>
                        </target>
                     </targets>
                  </component>
                  <component status="installed" name="oracle.as.install.common.help" version="12.2.1.3.0">
                     <sessions>
                        <session id="1" date="2019-04-27T03:29:54.457+05:30" action="install"/>
                     </sessions>
                     <targets>
                        <target qualifier="filegroup1.jar+oui" source="filegroup1.jar" symbol="oracle.as.install.common.help.symbol" location="oui" status="installed">
                           <sessions>
                              <session id="1" date="2019-04-27T03:29:54.457+05:30" action="install"/>
                           </sessions>
                        </target>
                        <target qualifier="filegroup2.jar+oui" source="filegroup2.jar" symbol="oracle.as.install.common.help.symbol" location="oui" status="installed">
                           <sessions>
                              <session id="1" date="2019-04-27T03:29:54.457+05:30" action="install"/>
                           </sessions>
                        </target>
                     </targets>
                  </component>
               </components>
            </feature>
            <feature status="installed" name="fmw_install_coherence" version="12.2.1.3.0">
               <sessions>
                  <session id="1" date="2019-04-27T03:29:54.457+05:30" action="install"/>
               </sessions>
               <components>
                  <component status="installed" name="oracle.as.install.coherence.prerequisite" version="12.2.1.3.0">
                     <sessions>
                        <session id="1" date="2019-04-27T03:29:54.457+05:30" action="install"/>
                     </sessions>
                     <targets>
                        <target qualifier="filegroup1.jar+oui" source="filegroup1.jar" symbol="asinst.coherence.install.symbol" location="oui" status="installed">
                           <sessions>
                              <session id="1" date="2019-04-27T03:29:54.457+05:30" action="install"/>
                           </sessions>
                        </target>
                     </targets>
                  </component>
                  <component status="installed" name="oracle.as.install.coherence" version="12.2.1.3.0">
                     <sessions>
                        <session id="1" date="2019-04-27T03:29:54.457+05:30" action="install"/>
                     </sessions>
                     <targets>
                        <target qualifier="filegroup1.jar+oui" source="filegroup1.jar" symbol="asinst.coherence.install.symbol" location="oui" status="installed">
                           <sessions>
                              <session id="1" date="2019-04-27T03:29:54.457+05:30" action="install"/>
                           </sessions>
                        </target>
                     </targets>
                  </component>
               </components>
            </feature>
            <feature singleton="true" status="installed" name="glcm_opatchauto_core" version="13.9.2.0.0">
               <sessions>
                  <session id="1" date="2019-04-27T03:29:54.457+05:30" action="install"/>
               </sessions>
               <components>
                  <component status="installed" name="oracle.glcm.opatchauto.core" version="13.9.2.0.0">
                     <sessions>
                        <session id="1" date="2019-04-27T03:29:54.457+05:30" action="install"/>
                     </sessions>
                     <targets>
                        <target qualifier="filegroup1.jar+OPatch" source="filegroup1.jar" symbol="oracle.glcm.opatchauto.core.symbol" location="OPatch" status="installed">
                           <sessions>
                              <session id="1" date="2019-04-27T03:29:54.457+05:30" action="install"/>
                           </sessions>
                        </target>
                     </targets>
                  </component>
               </components>
            </feature>
            <feature status="installed" name="toplink_thirdparty" version="12.2.1.3.0">
               <sessions>
                  <session id="1" date="2019-04-27T03:29:54.457+05:30" action="install"/>
               </sessions>
               <components>
                  <component status="installed" name="oracle.jrf.thirdparty.toplink" version="12.2.1.3.0">
                     <sessions>
                        <session id="1" date="2019-04-27T03:29:54.457+05:30" action="install"/>
                     </sessions>
                     <targets>
                        <target qualifier="filegroup1.jar+oracle_common" source="filegroup1.jar" symbol="toplink.common.symbol" location="oracle_common" status="installed">
                           <sessions>
                              <session id="1" date="2019-04-27T03:29:54.457+05:30" action="install"/>
                           </sessions>
                        </target>
                     </targets>
                  </component>
               </components>
            </feature>
            <feature status="installed" name="wls_thirdparty_javaxjson" version="12.2.1.3.0">
               <sessions>
                  <session id="1" date="2019-04-27T03:29:54.457+05:30" action="install"/>
               </sessions>
               <components>
                  <component status="installed" name="oracle.wls.thirdparty.javax.json" version="12.2.1.3.0">
                     <sessions>
                        <session id="1" date="2019-04-27T03:29:54.457+05:30" action="install"/>
                     </sessions>
                     <targets>
                        <target qualifier="filegroup1.jar+oracle_common" source="filegroup1.jar" symbol="wls.common.symbol" location="oracle_common" status="installed">
                           <sessions>
                              <session id="1" date="2019-04-27T03:29:54.457+05:30" action="install"/>
                           </sessions>
                        </target>
                     </targets>
                  </component>
               </components>
            </feature>
            <feature status="installed" name="toplink" version="12.2.1.3.0">
               <sessions>
                  <session id="1" date="2019-04-27T03:29:54.457+05:30" action="install"/>
               </sessions>
               <components>
                  <component status="installed" name="oracle.jrf.toplink" version="12.2.1.3.0">
                     <sessions>
                        <session id="1" date="2019-04-27T03:29:54.457+05:30" action="install"/>
                     </sessions>
                     <targets>
                        <target qualifier="filegroup1.jar+oracle_common" source="filegroup1.jar" symbol="toplink.common.symbol" location="oracle_common" status="installed">
                           <sessions>
                              <session id="1" date="2019-04-27T03:29:54.457+05:30" action="install"/>
                           </sessions>
                        </target>
                     </targets>
                  </component>
               </components>
            </feature>
            <feature status="installed" name="toplink_coherence" version="12.2.1.3.0">
               <sessions>
                  <session id="1" date="2019-04-27T03:29:54.457+05:30" action="install"/>
               </sessions>
               <components>
                  <component status="installed" name="oracle.toplink.coherence" version="12.2.1.3.0">
                     <sessions>
                        <session id="1" date="2019-04-27T03:29:54.457+05:30" action="install"/>
                     </sessions>
                     <targets>
                        <target qualifier="filegroup1.jar+coherence" source="filegroup1.jar" symbol="toplink.coherence.symbol" location="coherence" status="installed">
                           <sessions>
                              <session id="1" date="2019-04-27T03:29:54.457+05:30" action="install"/>
                           </sessions>
                        </target>
                     </targets>
                  </component>
               </components>
            </feature>
            <feature status="installed" name="coherence_discovery" version="12.2.1.3.0">
               <sessions>
                  <session id="1" date="2019-04-27T03:29:54.457+05:30" action="install"/>
               </sessions>
               <components>
                  <component status="installed" name="oracle.coherence.discovery" version="12.2.1.3.0">
                     <sessions>
                        <session id="1" date="2019-04-27T03:29:54.457+05:30" action="install"/>
                     </sessions>
                     <targets>
                        <target qualifier="filegroup1.jar+coherence" source="filegroup1.jar" symbol="coherence.symbol" location="coherence" status="installed">
                           <sessions>
                              <session id="1" date="2019-04-27T03:29:54.457+05:30" action="install"/>
                           </sessions>
                        </target>
                        <target qualifier="filegroup2.jar+coherence" source="filegroup2.jar" symbol="coherence.mavenplugins.symbol" location="coherence" status="installed">
                           <sessions>
                              <session id="1" date="2019-04-27T03:29:54.457+05:30" action="install"/>
                           </sessions>
                        </target>
                     </targets>
                  </component>
               </components>
            </feature>
            <feature status="installed" name="coherence" version="12.2.1.3.0">
               <sessions>
                  <session id="1" date="2019-04-27T03:29:54.457+05:30" action="install"/>
               </sessions>
               <components>
                  <component status="installed" name="oracle.coherence" version="12.2.1.3.0">
                     <sessions>
                        <session id="1" date="2019-04-27T03:29:54.457+05:30" action="install"/>
                     </sessions>
                     <targets>
                        <target qualifier="filegroup1.jar+coherence" source="filegroup1.jar" symbol="coherence.symbol" location="coherence" status="installed">
                           <sessions>
                              <session id="1" date="2019-04-27T03:29:54.457+05:30" action="install"/>
                           </sessions>
                        </target>
                        <target qualifier="filegroup2.jar+coherence" source="filegroup2.jar" symbol="coherence.mavenplugins.symbol" location="coherence" status="installed">
                           <sessions>
                              <session id="1" date="2019-04-27T03:29:54.457+05:30" action="install"/>
                           </sessions>
                        </target>
                     </targets>
                  </component>
               </components>
            </feature>
            <feature status="installed" name="thirdParty_apacheMaven" version="3.3.9.0.0">
               <sessions>
                  <session id="1" date="2019-04-27T03:29:54.457+05:30" action="install"/>
               </sessions>
               <components>
                  <component status="installed" name="oracle.thirdparty.maven" version="3.2.5.0.0">
                     <sessions>
                        <session id="1" date="2019-04-27T03:29:54.457+05:30" action="install"/>
                     </sessions>
                     <targets>
                        <target qualifier="filegroup1.jar+oracle_common" source="filegroup1.jar" symbol="jrf.symbol" location="oracle_common" status="installed">
                           <sessions>
                              <session id="1" date="2019-04-27T03:29:54.457+05:30" action="install"/>
                           </sessions>
                        </target>
                     </targets>
                  </component>
               </components>
            </feature>
            <feature status="installed" name="jrf_maven" version="12.2.1.3.0">
               <sessions>
                  <session id="1" date="2019-04-27T03:29:54.457+05:30" action="install"/>
               </sessions>
               <components>
                  <component status="installed" name="oracle.jrf.maven.plugins.sync" version="12.2.1.3.0">
                     <sessions>
                        <session id="1" date="2019-04-27T03:29:54.457+05:30" action="install"/>
                     </sessions>
                     <targets>
                        <target qualifier="filegroup1.jar+oracle_common" source="filegroup1.jar" symbol="jrf.symbol" location="oracle_common" status="installed">
                           <sessions>
                              <session id="1" date="2019-04-27T03:29:54.457+05:30" action="install"/>
                           </sessions>
                        </target>
                     </targets>
                  </component>
               </components>
            </feature>
         </features>
         <product-families>
            <product-family name="COH"/>
            <product-family name="TOPLINK"/>
         </product-families>
      </distribution>
   </distributions>
</registry>