<?xml version = '1.0' encoding = 'UTF-8' standalone = 'yes'?>
<component-def name="oracle.as.install.coherence" version="12.2.1.3.0" description="Oracle Fusion Middleware Coherence Installer Metadata Files" description-key="component.description" gdr-version="1.8.3.0" pom-gen="false" groupId="com.oracle.coherence" xmlns:ns2="http://xmlns.oracle.com/cie/stringsubs" xmlns="http://xmlns.oracle.com/cie/gdr/cpd">
   <file-map symbol="asinst.coherence.install.symbol" source="filegroup1.jar" expanded="true" compacted="true" bootstrap="true">
      <exclude regex="\.ade_path" match-dirs="true"/>
      <directory dest="" patchable="true">
         <directory dest="mw" mode="750" patchable="true">
            <directory dest="coherence" mode="750" patchable="true">
               <directory dest="metadata" mode="750" patchable="true">
                  <file size="1945" dest="install.properties" mode="640"/>
               </directory>
               <directory dest="jlib" mode="750" patchable="true">
                  <file size="1043494" dest="coherence-nextgen.jar" mode="640"/>
               </directory>
            </directory>
         </directory>
         <file-perms>
            <permission mode="640" regex=".*"/>
         </file-perms>
      </directory>
      <file-perms>
         <permission mode="750" regex=".*\.bat"/>
         <permission mode="750" regex=".*\.cmd"/>
         <permission mode="750" regex=".*\.dll"/>
         <permission mode="750" regex=".*\.exe"/>
         <permission mode="750" regex=".*\.sh"/>
         <permission mode="750" regex=".*\.so"/>
         <permission mode="640" regex=".*"/>
      </file-perms>
   </file-map>
</component-def>