<?xml version = '1.0' encoding = 'UTF-8' standalone = 'yes'?>
<component-def name="oracle.log4j.log4j" version="1.2.17.0.0" description="Oracle Log4j Log4j" description-key="component.description" gdr-version="1.8.2.0" xmlns:ns2="http://xmlns.oracle.com/cie/stringsubs" xmlns="http://xmlns.oracle.com/cie/gdr/cpd">
   <file-map symbol="thirdparty.symbol" source="filegroup1.jar" expanded="true" compacted="true" bootstrap="true">
      <directory dest="modules" mode="750" patchable="true">
         <directory dest="thirdparty" mode="750" patchable="true">
            <file size="489884" dest="log4j-1.2.17.jar" mode="640" patchable="true" group="log4j" artifact="log4j" version="1.2.17" type="jar"/>
         </directory>
      </directory>
      <file-perms>
         <permission mode="640" regex=".*" match-dirs="false"/>
         <permission mode="750" regex=".*" match-dirs="true"/>
         <permission mode="750" regex=".*\.sh" match-dirs="false"/>
         <permission mode="750" regex=".*\.cmd" match-dirs="false"/>
         <permission mode="750" regex=".*\.bat" match-dirs="false"/>
      </file-perms>
   </file-map>
   <libraries>
      <library name="log4j" type="none" version="1.2.17" size="489884">
         <entry explode="true" include-parent="false" name="modules/thirdparty/log4j-1.2.17.jar"/>
      </library>
   </libraries>
</component-def>