<?xml version = '1.0' encoding = 'UTF-8' standalone = 'yes'?>
<component-def name="oracle.jrf.toplink" version="12.2.1.3.0" description="OracleAS TopLink JRF" gdr-version="1.8.2.0" groupId="com.oracle.toplink" xmlns:ns2="http://xmlns.oracle.com/cie/stringsubs" xmlns="http://xmlns.oracle.com/cie/gdr/cpd">
   <file-map symbol="toplink.common.symbol" source="filegroup1.jar" expanded="true" compacted="true">
      <directory dest="" patchable="true">
         <directory dest="modules" mode="750" patchable="true">
            <directory dest="oracle.toplink" mode="750" patchable="true">
               <file size="53472" dest="org.eclipse.persistence.oracle.nosql.jar" mode="640"/>
               <file size="3311" dest="toplink-dataservices-web.jar" mode="640"/>
               <file size="105754" dest="org.eclipse.persistence.nosql.jar" mode="640"/>
               <file size="53026" dest="toplink-dataservices.jar" mode="640"/>
               <file size="9138346" dest="eclipselink.jar" mode="640"/>
               <file size="56614" dest="toplink-exalogic.jar" mode="640"/>
               <file size="191857" dest="toplink-grid.jar" mode="640"/>
               <file size="45471" dest="org.eclipse.persistence.jpa.modelgen.jar" mode="640"/>
            </directory>
         </directory>
         <file-perms>
            <permission mode="640" regex=".*"/>
         </file-perms>
      </directory>
      <file-perms>
         <permission mode="750" regex=".*" match-dirs="true"/>
      </file-perms>
   </file-map>
   <default-pom-override groupId="com.oracle.toplink"/>
   <libraries>
      <library name="oracle.jrf.toplink.library" type="none" size="9138346">
         <entry explode="true" include-parent="false" name="modules/oracle.toplink/eclipselink.jar"/>
      </library>
      <library name="oracle.jrf.toplink.client" type="client" size="9330203">
         <entry explode="true" include-parent="false" name="modules/oracle.toplink/eclipselink.jar"/>
         <entry explode="true" include-parent="false" name="modules/oracle.toplink/toplink-grid.jar"/>
      </library>
   </libraries>
</component-def>