<?xml version = '1.0' encoding = 'UTF-8' standalone = 'yes'?>
<component-def name="oracle.jaxb.tools" version="2.3.0.0.0" description="Oracle JAXB Tools" gdr-version="1.8.2.0" groupId="com.oracle.fmwshare" xmlns:ns2="http://xmlns.oracle.com/cie/stringsubs" xmlns="http://xmlns.oracle.com/cie/gdr/cpd">
   <file-map symbol="jrf.symbol" source="filegroup1.jar" expanded="true" compacted="true" bootstrap="true">
      <directory dest="modules" mode="750" patchable="true">
         <file size="134241" dest="com.sun.xml.bind.jaxb-jxc.jar" id="com.sun.xml.bind:jaxb-jxc" patchable="true" group="com.sun.xml.bind" artifact="jaxb-jxc" version="2.3.0-b170202.1032"/>
         <file size="2052502" dest="com.sun.xml.bind.jaxb-xjc.jar" id="com.sun.xml.bind:jaxb-xjc" patchable="true" group="com.sun.xml.bind" artifact="jaxb-xjc" version="2.3.0-b170202.1032"/>
      </directory>
   </file-map>
   <default-pom-override groupId="com.oracle.fmwshare"/>
   <libraries>
      <library name="oracle.jaxb.tools" type="none" visibility="none" suppress-version="true" size="2186743">
         <entry explode="true" include-parent="false" name="modules/com.sun.xml.bind.jaxb-jxc.jar"/>
         <entry explode="true" include-parent="false" name="modules/com.sun.xml.bind.jaxb-xjc.jar"/>
      </library>
   </libraries>
</component-def>