<?xml version = '1.0' encoding = 'UTF-8' standalone = 'yes'?>
<component-def name="oracle.coherence.discovery" version="12.2.1.3.0" description="Oracle Coherence Discovery" gdr-version="1.8.2.0" pom-gen="false" xmlns:ns2="http://xmlns.oracle.com/cie/stringsubs" xmlns="http://xmlns.oracle.com/cie/gdr/cpd">
   <file-map symbol="coherence.symbol" source="filegroup1.jar" expanded="true" compacted="true">
      <exclude regex="\.ade_path" match-dirs="true"/>
      <directory dest="" patchable="true">
         <directory dest="lib" mode="750" patchable="true">
            <file size="21802" dest="coherence-discovery.jar" mode="640"/>
         </directory>
         <file-perms>
            <permission mode="640" regex=".*"/>
         </file-perms>
      </directory>
      <file-perms>
         <permission mode="750" regex=".*" match-dirs="true"/>
      </file-perms>
   </file-map>
   <file-map symbol="coherence.mavenplugins.symbol" source="filegroup2.jar" expanded="true" compacted="true">
      <exclude regex="\.ade_path" match-dirs="true"/>
      <directory dest="plugins" mode="750" patchable="true">
         <directory dest="maven" recurse="true" include-empty-dirs="false" mode="750" preserve-symlinks="false" patchable="true">
            <directory dest="com" recurse="true" include-empty-dirs="false" mode="750" preserve-symlinks="false" patchable="true">
               <directory dest="oracle" recurse="true" include-empty-dirs="false" mode="750" preserve-symlinks="false" patchable="true">
                  <directory dest="coherence" recurse="true" include-empty-dirs="false" mode="750" preserve-symlinks="false" patchable="true">
                     <directory dest="coherence-discovery" recurse="true" include-empty-dirs="false" mode="750" preserve-symlinks="false" patchable="true">
                        <directory dest="12.2.1" mode="750" patchable="true">
                           <file size="39" dest="coherence-discovery.12.2.1.location" mode="640"/>
                           <file size="5553" dest="coherence-discovery.12.2.1.pom" mode="640"/>
                        </directory>
                     </directory>
                  </directory>
               </directory>
            </directory>
         </directory>
         <file-perms>
            <permission mode="750" regex=".*\.sh"/>
            <permission mode="640" regex=".*"/>
         </file-perms>
      </directory>
      <file-perms>
         <permission mode="750" regex=".*" match-dirs="true"/>
      </file-perms>
   </file-map>
   <artifact-pom-overrides>
      <static-pom file="plugins/maven/com/oracle/coherence/coherence-discovery/12.2.1/coherence-discovery.12.2.1.pom" symbol="coherence.mavenplugins.symbol"/>
   </artifact-pom-overrides>
</component-def>