<?xml version = '1.0' encoding = 'UTF-8' standalone = 'yes'?>
<component-def name="oracle.glcm.wizard" version="7.8.2.0.0" description="Oracle GLCM Wizard" gdr-version="1.8.2.0" xmlns:ns2="http://xmlns.oracle.com/cie/stringsubs" xmlns="http://xmlns.oracle.com/cie/gdr/cpd">
   <file-map symbol="oracle.glcm.wizard.symbol" source="filegroup1.jar" expanded="true" compacted="true" bootstrap="true">
      <directory dest="modules" mode="750" patchable="true">
         <file size="620687" dest="com.oracle.cie.wizard_7.8.2.0.jar" mode="640"/>
         <directory dest="features" mode="750" patchable="true">
            <file size="427" dest="wizard-classpath.jar" mode="640"/>
         </directory>
      </directory>
   </file-map>
   <libraries>
      <library name="oracle_glcm_wizard_lib" type="none" size="620687">
         <entry explode="true" include-parent="false" name="modules/com.oracle.cie.wizard_7.8.2.0.jar"/>
      </library>
   </libraries>
</component-def>