<?xml version = '1.0' encoding = 'UTF-8' standalone = 'yes'?>
<component-def name="oracle.as.install.coherence.prerequisite" version="12.2.1.3.0" description="Oracle Fusion Middleware Coherence Installer Prerequisite Files" description-key="component.description" gdr-version="1.8.3.0" pom-gen="false" groupId="com.oracle.coherence" xmlns:ns2="http://xmlns.oracle.com/cie/stringsubs" xmlns="http://xmlns.oracle.com/cie/gdr/cpd">
   <file-map symbol="asinst.coherence.install.symbol" source="filegroup1.jar" expanded="true" compacted="true" bootstrap="true">
      <exclude regex="\.ade_path" match-dirs="true"/>
      <directory dest="" patchable="true">
         <directory dest="mw" mode="750" patchable="true">
            <directory dest="coherence" mode="750" patchable="true">
               <directory dest="prereq" mode="750" patchable="true">
                  <directory dest="linux64" mode="750" patchable="true">
                     <file size="92" dest="LinuxVendors.xml" mode="640"/>
                     <file size="2832" dest="rulemap.xml" mode="640"/>
                     <file size="2678" dest="ias_prereq.xml" mode="640"/>
                     <file size="267" dest="prerequisite.properties" mode="640"/>
                     <file size="692" dest="knowledgesrc.xml" mode="640"/>
                     <file size="1430" dest="refhost.xml" mode="640"/>
                  </directory>
                  <directory dest="hpia64" mode="750" patchable="true">
                     <file size="2832" dest="rulemap.xml" mode="640"/>
                     <file size="2646" dest="ias_prereq.xml" mode="640"/>
                     <file size="267" dest="prerequisite.properties" mode="640"/>
                     <file size="692" dest="knowledgesrc.xml" mode="640"/>
                     <file size="377" dest="refhost.xml" mode="640"/>
                  </directory>
                  <directory dest="oui" mode="750" patchable="true">
                     <file size="626" dest="agent_prereq_context.xml" mode="640"/>
                  </directory>
                  <directory dest="linuxS390" mode="750" patchable="true">
                     <file size="85" dest="LinuxVendors.xml" mode="640"/>
                     <file size="2833" dest="rulemap.xml" mode="640"/>
                     <file size="2679" dest="ias_prereq.xml" mode="640"/>
                     <file size="267" dest="prerequisite.properties" mode="640"/>
                     <file size="692" dest="knowledgesrc.xml" mode="640"/>
                     <file size="560" dest="refhost.xml" mode="640"/>
                  </directory>
                  <directory dest="solaris_sparc64" mode="750" patchable="true">
                     <file size="2832" dest="rulemap.xml" mode="640"/>
                     <file size="2679" dest="ias_prereq.xml" mode="640"/>
                     <file size="267" dest="prerequisite.properties" mode="640"/>
                     <file size="692" dest="knowledgesrc.xml" mode="640"/>
                     <file size="382" dest="refhost.xml" mode="640"/>
                  </directory>
                  <directory dest="aix_ppc64" mode="750" patchable="true">
                     <file size="2832" dest="rulemap.xml" mode="640"/>
                     <file size="2678" dest="ias_prereq.xml" mode="640"/>
                     <file size="267" dest="prerequisite.properties" mode="640"/>
                     <file size="692" dest="knowledgesrc.xml" mode="640"/>
                     <file size="495" dest="refhost.xml" mode="640"/>
                  </directory>
                  <directory dest="intelsolaris" mode="750" patchable="true">
                     <file size="2832" dest="rulemap.xml" mode="640"/>
                     <file size="2679" dest="ias_prereq.xml" mode="640"/>
                     <file size="267" dest="prerequisite.properties" mode="640"/>
                     <file size="692" dest="knowledgesrc.xml" mode="640"/>
                     <file size="381" dest="refhost.xml" mode="640"/>
                  </directory>
                  <file size="19" dest="prereqVersion.properties" mode="640"/>
                  <directory dest="win64" mode="750" patchable="true">
                     <file size="2970" dest="rulemap.xml" mode="640"/>
                     <file size="2754" dest="ias_prereq.xml" mode="640"/>
                     <file size="331" dest="prerequisite.properties" mode="640"/>
                     <directory dest="bin" mode="750" patchable="true">
                        <directory dest="win32" mode="750" patchable="true">
                           <file size="45056" dest="sidqueries.dll" mode="640"/>
                           <file size="49152" dest="DHCPPrereq.dll" mode="640"/>
                        </directory>
                     </directory>
                     <file size="692" dest="knowledgesrc.xml" mode="640"/>
                     <file size="689" dest="refhost.xml" mode="640"/>
                  </directory>
               </directory>
            </directory>
         </directory>
         <file-perms>
            <permission mode="640" regex=".*"/>
         </file-perms>
      </directory>
      <file-perms>
         <permission mode="750" regex=".*\.bat"/>
         <permission mode="750" regex=".*\.cmd"/>
         <permission mode="750" regex=".*\.dll"/>
         <permission mode="750" regex=".*\.exe"/>
         <permission mode="750" regex=".*\.sh"/>
         <permission mode="750" regex=".*\.so"/>
         <permission mode="640" regex=".*"/>
      </file-perms>
   </file-map>
</component-def>