<?xml version = '1.0' encoding = 'UTF-8' standalone = 'yes'?>
<component-def name="oracle.bali.ice" version="12.2.1.3.0" description="Oracle Ice Browser" gdr-version="1.7.0.0" groupId="com.oracle.fmwshare" xmlns:ns2="http://xmlns.oracle.com/cie/stringsubs" xmlns="http://xmlns.oracle.com/cie/gdr/cpd">
   <file-map symbol="help.common.symbol" source="filegroup1.jar" expanded="true" compacted="true" bootstrap="true">
      <directory dest="modules" mode="750" patchable="true">
         <directory dest="oracle.help" mode="750" patchable="true">
            <file size="2358688" dest="oracle_ice.jar" mode="640"/>
         </directory>
      </directory>
      <file-perms>
         <permission mode="640" name="oracle_ice.jar"/>
         <permission mode="750" regex=".*" match-dirs="true"/>
      </file-perms>
   </file-map>
   <libraries>
      <library name="bali_ice_entry" type="none" version="6.1.3" size="2358688">
         <entry explode="true" include-parent="false" name="modules/oracle.help/oracle_ice.jar"/>
      </library>
   </libraries>
</component-def>