<?xml version = '1.0' encoding = 'UTF-8' standalone = 'yes'?>
<component-def name="oracle.swd.opatch" version="13.9.2.0.0" description="Oracle One-Off Patch Installer" gdr-version="1.3.0.0" pom-gen="false" groupId="com.oracle.oui" xmlns:ns2="http://xmlns.oracle.com/cie/stringsubs" xmlns="http://xmlns.oracle.com/cie/gdr/cpd">
   <file-map symbol="oracle.swd.opatch.symbol" source="filegroup1.jar" expanded="true" compacted="true" bootstrap="true">
      <directory dest="" patchable="true">
         <file size="45858" dest="opatch" mode="750"/>
         <directory dest="scripts" mode="750" patchable="true">
            <file size="47" dest="opatch" mode="750"/>
         </directory>
         <file-perms>
            <permission mode="750" regex="opatch"/>
         </file-perms>
      </directory>
      <directory dest="" patchable="true">
         <file size="15664" dest="opatch.bat" mode="750"/>
         <file-perms>
            <permission mode="750" regex="opatch\.bat"/>
         </file-perms>
      </directory>
      <directory dest="" patchable="true">
         <file size="3159" dest="operr" mode="750"/>
         <file-perms>
            <permission mode="750" regex="operr"/>
         </file-perms>
      </directory>
      <directory dest="ocm" mode="750" patchable="true">
         <file size="638" dest="ocm_platforms.txt" mode="640"/>
         <file-perms>
            <permission mode="640" regex="ocm_platforms\.txt"/>
         </file-perms>
      </directory>
      <directory dest="" patchable="true">
         <file size="4218" dest="operr.bat" mode="750"/>
         <file-perms>
            <permission mode="750" regex="operr\.bat"/>
         </file-perms>
      </directory>
      <directory dest="jlib" mode="750" patchable="true">
         <file size="2567356" dest="opatch.jar" mode="640"/>
         <file size="616" dest="oracle.opatchcore.classpath.unix.jar" mode="640"/>
         <file size="250296" dest="opatchsdk.jar" mode="640"/>
         <file size="451" dest="oracle.opatch.classpath.jar" mode="640"/>
         <file size="623" dest="oracle.opatchcore.classpath.windows.jar" mode="640"/>
         <file size="453" dest="oracle.opatchcore.classpath.jar" mode="640"/>
         <file size="553" dest="oracle.opatch.classpath.unix.jar" mode="640"/>
         <file size="507" dest="oracle.opatch.classpath.windows.jar" mode="640"/>
         <file-perms>
            <permission mode="640" regex=".*"/>
         </file-perms>
      </directory>
      <directory dest="ocm" mode="750" patchable="true">
         <directory dest="bin" mode="750" patchable="true">
            <file size="18" dest="dummy"/>
         </directory>
         <directory dest="lib" mode="750" patchable="true">
            <file size="1369" dest="emocmutl.jar"/>
         </directory>
         <file size="0" dest="generic.zip"/>
         <directory dest="doc" mode="750" patchable="true">
            <file size="21" dest="dummy.txt"/>
         </directory>
      </directory>
      <directory dest="" patchable="true">
         <file-perms>
            <permission mode="640" regex="opatch\.ini"/>
         </file-perms>
      </directory>
      <directory dest="" patchable="true">
         <file size="2541" dest="opatch.pl" mode="750"/>
         <file size="23518" dest="emdpatch.pl" mode="750"/>
         <directory dest="scripts" mode="750" patchable="true">
            <file size="10894" dest="opatch.pl" mode="750"/>
         </directory>
         <file-perms>
            <permission mode="750" regex="opatch\.pl"/>
            <permission mode="750" regex="emdpatch\.pl"/>
         </file-perms>
      </directory>
      <directory dest="docs" mode="750" patchable="true">
         <file size="2913" dest="README.txt" mode="640"/>
         <file size="3177" dest="operr_readme.txt" mode="640"/>
         <file-perms>
            <permission mode="640" regex="operr_readme\.txt"/>
            <permission mode="640" regex="README\.txt"/>
         </file-perms>
      </directory>
      <directory dest="opatchprereqs" mode="750" patchable="true">
         <file size="5460" dest="opatch_prereq.sh" mode="750"/>
         <file-perms>
            <permission mode="750" regex="opatch_prereq\.sh"/>
         </file-perms>
      </directory>
      <directory dest="opatchprereqs" mode="750" patchable="true">
         <directory dest="opatch" mode="750" patchable="true">
            <file size="3129" dest="rulemap.xml"/>
            <file size="128" dest="runtime_prereq.xml"/>
            <file size="45147" dest="opatch_prereq.xml"/>
         </directory>
         <directory dest="oui" mode="750" patchable="true">
            <file size="565" dest="knowledgesrc.xml"/>
         </directory>
         <file size="5460" dest="opatch_prereq.sh"/>
         <file size="528" dest="prerequisite.properties.opatchauto"/>
         <file size="180" dest="prerequisite.properties" mode="640"/>
         <file-perms>
            <permission mode="640" regex="prerequisite\.properties"/>
         </file-perms>
      </directory>
      <directory dest="opatchprereqs" mode="750" patchable="true">
         <directory dest="opatch" recurse="true" include-empty-dirs="false" mode="750" preserve-symlinks="false" patchable="true">
            <file size="3129" dest="rulemap.xml" mode="640"/>
            <file size="128" dest="runtime_prereq.xml" mode="640"/>
            <file size="45147" dest="opatch_prereq.xml" mode="640"/>
         </directory>
         <file-perms>
            <permission mode="640" regex="opatch_prereq\.xml"/>
            <permission mode="640" regex="rulemap\.xml"/>
            <permission mode="640" regex="runtime_prereq\.xml"/>
         </file-perms>
      </directory>
      <directory dest="opatchprereqs" mode="750" patchable="true">
         <directory dest="oui" recurse="true" include-empty-dirs="false" mode="750" preserve-symlinks="false" patchable="true">
            <file size="565" dest="knowledgesrc.xml" mode="640"/>
         </directory>
         <file-perms>
            <permission mode="640" regex="knowledgesrc\.xml"/>
         </file-perms>
      </directory>
      <directory dest="scripts" mode="750" patchable="true">
         <file size="7967" dest="opatch_jvm_discovery" mode="750"/>
         <file-perms>
            <permission mode="750" regex="opatch_jvm_discovery"/>
         </file-perms>
      </directory>
      <directory dest="scripts" mode="750" patchable="true">
         <file size="6079" dest="opatch_jvm_discovery.bat" mode="750"/>
         <file-perms>
            <permission mode="750" regex="opatch_jvm_discovery\.bat"/>
         </file-perms>
      </directory>
      <directory dest="scripts" mode="750" patchable="true">
         <file size="3480" dest="opatch_wls" mode="750"/>
         <file-perms>
            <permission mode="750" regex="opatch_wls"/>
         </file-perms>
      </directory>
      <directory dest="scripts" mode="750" patchable="true">
         <file size="2975" dest="opatch_wls.bat" mode="750"/>
         <file-perms>
            <permission mode="750" regex="opatch_wls\.bat"/>
         </file-perms>
      </directory>
      <directory dest="" patchable="true">
         <file size="26" dest="version.txt" mode="640"/>
         <file-perms>
            <permission mode="640" regex="version\.txt"/>
         </file-perms>
      </directory>
   </file-map>
   <file-map symbol="oracle.swd.opatch.symbol" source="filegroup2.jar" expanded="true" compacted="true"/>
</component-def>