<?xml version = '1.0' encoding = 'UTF-8' standalone = 'yes'?>
<component-def name="oracle.com.jcraft.jsch" version="0.1.53.0.0" description="Oracle Com Jcraft Jsch" description-key="component.description" gdr-version="1.8.2.0" xmlns:ns2="http://xmlns.oracle.com/cie/stringsubs" xmlns="http://xmlns.oracle.com/cie/gdr/cpd">
   <file-map symbol="thirdparty.symbol" source="filegroup1.jar" expanded="true" compacted="true" bootstrap="true">
      <directory dest="modules" mode="750" patchable="true">
         <directory dest="thirdparty" mode="750" patchable="true">
            <file size="280205" dest="jsch-0.1.53.jar" mode="640" patchable="true" group="com.jcraft" artifact="jsch" version="0.1.53" type="jar"/>
         </directory>
      </directory>
      <file-perms>
         <permission mode="640" regex=".*" match-dirs="false"/>
         <permission mode="750" regex=".*" match-dirs="true"/>
         <permission mode="750" regex=".*\.sh" match-dirs="false"/>
         <permission mode="750" regex=".*\.cmd" match-dirs="false"/>
         <permission mode="750" regex=".*\.bat" match-dirs="false"/>
      </file-perms>
   </file-map>
   <libraries>
      <library name="jsch" type="none" version="0.1.53" size="280205">
         <entry explode="true" include-parent="false" name="modules/thirdparty/jsch-0.1.53.jar"/>
      </library>
   </libraries>
</component-def>