<?xml version = '1.0' encoding = 'UTF-8' standalone = 'yes'?>
<component-def name="oracle.glcm.dependency" version="1.8.2.0.0" description="Oracle GLCM Depenedency" gdr-version="1.8.2.0" xmlns:ns2="http://xmlns.oracle.com/cie/stringsubs" xmlns="http://xmlns.oracle.com/cie/gdr/cpd">
   <file-map symbol="oracle.glcm.dependency.symbol" source="filegroup1.jar" expanded="true" compacted="true" bootstrap="true">
      <directory dest="modules" mode="750" patchable="true">
         <file size="114153" dest="com.oracle.cie.dependency_1.8.2.0.jar" mode="640"/>
         <directory dest="features" mode="750" patchable="true">
            <file size="427" dest="dependency-classpath.jar" mode="640"/>
         </directory>
      </directory>
   </file-map>
   <libraries>
      <library name="oracle_glcm_dependency_lib" type="none" size="114153">
         <entry explode="true" include-parent="false" name="modules/com.oracle.cie.dependency_1.8.2.0.jar"/>
      </library>
   </libraries>
</component-def>