<?xml version = '1.0' encoding = 'UTF-8' standalone = 'yes'?>
<component-def name="oracle.nlsoramapping.jrf" version="12.2.0.1.0" description="Oracle JRF Globalization Support FilesFOR ORAMAPPING" gdr-version="1.1.0.0" xmlns:ns2="http://xmlns.oracle.com/cie/stringsubs" xmlns="http://xmlns.oracle.com/cie/gdr/cpd">
   <file-map symbol="rdbms.jrf.common.symbol" source="filegroup1.jar" expanded="true" compacted="true" bootstrap="true">
      <directory dest="modules" mode="750" patchable="true">
         <directory dest="oracle.nlsrtl" recurse="true" include-empty-dirs="false" mode="750" preserve-symlinks="false" patchable="true">
            <file size="88120" dest="orai18n-mapping.jar" mode="640"/>
         </directory>
         <file-perms>
            <permission mode="640" regex=".*\.jar"/>
         </file-perms>
      </directory>
      <file-perms>
         <permission mode="750" regex=".*" match-dirs="true"/>
      </file-perms>
   </file-map>
   <libraries>
      <library name="oracle.jrf.thirdparty.jee.client" type="none" suppress-version="true">
         <entry name="modules/oracle.nlsrtl/orai18n-mapping.jar"/>
      </library>
   </libraries>
</component-def>