<?xml version = '1.0' encoding = 'UTF-8' standalone = 'yes'?>
<deinstall-info xmlns:ns2="http://xmlns.oracle.com/cie/gdr/nfo" xmlns:ns3="http://xmlns.oracle.com/cie/gdr/rgy" xmlns="http://xmlns.oracle.com/cie/gdr/dei">
   <refcounts/>
   <components>
      <component name="oracle.nginst.common" version="13.9.2.0.0">
         <files>
            <file path="\oui\.globalEnv.properties"/>
         </files>
      </component>
      <component name="oracle.com.fasterxml.jackson.core.jackson.core" version="2.7.9.0.0">
         <files>
            <file path="\oracle_common\plugins\maven\com\oracle\oracle.com.fasterxml.jackson.core.jackson.core\2.7.9\oracle.com.fasterxml.jackson.core.jackson.core-2.7.9.pom"/>
            <file path="\oracle_common\plugins\maven\com\oracle\com\fasterxml\jackson\core\jackson\core\jackson-core-2.7.9\2.7.9\jackson-core-2.7.9-2.7.9.pom"/>
            <file path="\oracle_common\plugins\maven\com\oracle\com\fasterxml\jackson\core\jackson\core\jackson-core-2.7.9\2.7.9\jackson-core-2.7.9-2.7.9.location"/>
         </files>
      </component>
      <component name="oracle.com.fasterxml.jackson.core.jackson.databind" version="2.7.9.1.0">
         <files>
            <file path="\oracle_common\plugins\maven\com\oracle\oracle.com.fasterxml.jackson.core.jackson.databind\2.7.9\oracle.com.fasterxml.jackson.core.jackson.databind-2.7.9.pom"/>
            <file path="\oracle_common\plugins\maven\com\oracle\com\fasterxml\jackson\core\jackson\databind\jackson-databind-2.7.9.1\2.7.9\jackson-databind-2.7.9.1-2.7.9.pom"/>
            <file path="\oracle_common\plugins\maven\com\oracle\com\fasterxml\jackson\core\jackson\databind\jackson-databind-2.7.9.1\2.7.9\jackson-databind-2.7.9.1-2.7.9.location"/>
         </files>
      </component>
      <component name="oracle.com.jcraft.jsch" version="0.1.53.0.0">
         <files>
            <file path="\oracle_common\plugins\maven\com\oracle\oracle.com.jcraft.jsch\0.1.53\oracle.com.jcraft.jsch-0.1.53.pom"/>
            <file path="\oracle_common\plugins\maven\com\oracle\com\jcraft\jsch\jsch-0.1.53\0.1.53\jsch-0.1.53-0.1.53.pom"/>
            <file path="\oracle_common\plugins\maven\com\oracle\com\jcraft\jsch\jsch-0.1.53\0.1.53\jsch-0.1.53-0.1.53.location"/>
         </files>
      </component>
      <component name="oracle.log4j.log4j" version="1.2.17.0.0">
         <files>
            <file path="\oracle_common\plugins\maven\com\oracle\oracle.log4j.log4j\1.2.17\oracle.log4j.log4j-1.2.17.pom"/>
            <file path="\oracle_common\plugins\maven\com\oracle\log4j\log4j\log4j-1.2.17\1.2.17\log4j-1.2.17-1.2.17.pom"/>
            <file path="\oracle_common\plugins\maven\com\oracle\log4j\log4j\log4j-1.2.17\1.2.17\log4j-1.2.17-1.2.17.location"/>
         </files>
      </component>
      <component name="oracle.xerces.xercesimpl" version="2.11.0.0.0">
         <files>
            <file path="\oracle_common\plugins\maven\com\oracle\oracle.xerces.xercesimpl\2.11.0\oracle.xerces.xercesimpl-2.11.0.pom"/>
            <file path="\oracle_common\plugins\maven\com\oracle\xerces\xercesimpl\xercesImpl-2.11.0\2.11.0\xercesImpl-2.11.0-2.11.0.pom"/>
            <file path="\oracle_common\plugins\maven\com\oracle\xerces\xercesimpl\xercesImpl-2.11.0\2.11.0\xercesImpl-2.11.0-2.11.0.location"/>
         </files>
      </component>
      <component name="oracle.jse.dms" version="12.2.1.3.0">
         <files>
            <file path="\oracle_common\plugins\maven\com\oracle\fmwshare\oracle.jse.dms\12.2.1\oracle.jse.dms-12.2.1.pom"/>
            <file path="\oracle_common\plugins\maven\com\oracle\fmwshare\ojdl\12.2.1\ojdl-12.2.1.pom"/>
            <file path="\oracle_common\plugins\maven\com\oracle\fmwshare\ojdl\12.2.1\ojdl-12.2.1.location"/>
            <file path="\oracle_common\plugins\maven\com\oracle\fmwshare\dms\12.2.1\dms-12.2.1.pom"/>
            <file path="\oracle_common\plugins\maven\com\oracle\fmwshare\dms\12.2.1\dms-12.2.1.location"/>
            <file path="\oracle_common\plugins\maven\com\oracle\fmwshare\ojdl2\12.2.1\ojdl2-12.2.1.pom"/>
            <file path="\oracle_common\plugins\maven\com\oracle\fmwshare\ojdl2\12.2.1\ojdl2-12.2.1.location"/>
         </files>
      </component>
      <component name="oracle.help.ohj" version="12.2.1.3.0">
         <files>
            <file path="\oracle_common\plugins\maven\com\oracle\fmwshare\oracle.help.ohj\12.2.1\oracle.help.ohj-12.2.1.pom"/>
            <file path="\oracle_common\plugins\maven\com\oracle\fmwshare\ohj\12.2.1\ohj-12.2.1.pom"/>
            <file path="\oracle_common\plugins\maven\com\oracle\fmwshare\ohj\12.2.1\ohj-12.2.1.location"/>
         </files>
      </component>
      <component name="oracle.help.share" version="12.2.1.3.0">
         <files>
            <file path="\oracle_common\plugins\maven\com\oracle\fmwshare\oracle.help.share\12.2.1\oracle.help.share-12.2.1.pom"/>
            <file path="\oracle_common\plugins\maven\com\oracle\fmwshare\help-share\12.2.1\help-share-12.2.1.pom"/>
            <file path="\oracle_common\plugins\maven\com\oracle\fmwshare\help-share\12.2.1\help-share-12.2.1.location"/>
         </files>
      </component>
      <component name="oracle.bali.ice" version="12.2.1.3.0">
         <files>
            <file path="\oracle_common\plugins\maven\com\oracle\fmwshare\oracle.bali.ice\12.2.1\oracle.bali.ice-12.2.1.pom"/>
            <file path="\oracle_common\plugins\maven\com\oracle\fmwshare\oracle_ice\12.2.1\oracle_ice-12.2.1.pom"/>
            <file path="\oracle_common\plugins\maven\com\oracle\fmwshare\oracle_ice\12.2.1\oracle_ice-12.2.1.location"/>
         </files>
      </component>
      <component name="oracle.bali.jewt" version="12.2.1.3.0">
         <files>
            <file path="\oracle_common\plugins\maven\com\oracle\fmwshare\oracle.bali.jewt.adf.runtime.war\12.2.1\oracle.bali.jewt.adf.runtime.war-12.2.1.pom"/>
            <file path="\oracle_common\plugins\maven\com\oracle\fmwshare\oracle.bali.jewt\12.2.1\oracle.bali.jewt-12.2.1.pom"/>
            <file path="\oracle_common\modules\internal\features\oracle.bali.jewt_adf.runtime.war.jar"/>
            <file path="\oracle_common\plugins\maven\com\oracle\fmwshare\jewt4\12.2.1\jewt4-12.2.1.pom"/>
            <file path="\oracle_common\plugins\maven\com\oracle\fmwshare\jewt4\12.2.1\jewt4-12.2.1.location"/>
            <file path="\oracle_common\plugins\maven\com\oracle\fmwshare\olaf2\12.2.1\olaf2-12.2.1.pom"/>
            <file path="\oracle_common\plugins\maven\com\oracle\fmwshare\olaf2\12.2.1\olaf2-12.2.1.location"/>
         </files>
      </component>
      <component name="oracle.bali.share" version="12.2.1.3.0">
         <files>
            <file path="\oracle_common\plugins\maven\com\oracle\fmwshare\oracle.bali.share\12.2.1\oracle.bali.share-12.2.1.pom"/>
            <file path="\oracle_common\plugins\maven\com\oracle\fmwshare\share\12.2.1\share-12.2.1.pom"/>
            <file path="\oracle_common\plugins\maven\com\oracle\fmwshare\share\12.2.1\share-12.2.1.location"/>
         </files>
      </component>
      <component name="oracle.jaxb.tools" version="2.3.0.0.0">
         <files>
            <file path="\oracle_common\plugins\maven\com\oracle\fmwshare\oracle.jaxb.tools\2.3.0\oracle.jaxb.tools-2.3.0.pom"/>
            <file path="\oracle_common\plugins\maven\com\oracle\fmwshare\com.sun.xml.bind.jaxb-jxc\2.3.0\com.sun.xml.bind.jaxb-jxc-2.3.0.pom"/>
            <file path="\oracle_common\plugins\maven\com\oracle\fmwshare\com.sun.xml.bind.jaxb-jxc\2.3.0\com.sun.xml.bind.jaxb-jxc-2.3.0.location"/>
            <file path="\oracle_common\plugins\maven\com\oracle\fmwshare\com.sun.xml.bind.jaxb-xjc\2.3.0\com.sun.xml.bind.jaxb-xjc-2.3.0.pom"/>
            <file path="\oracle_common\plugins\maven\com\oracle\fmwshare\com.sun.xml.bind.jaxb-xjc\2.3.0\com.sun.xml.bind.jaxb-xjc-2.3.0.location"/>
         </files>
      </component>
      <component name="oracle.jaxb.impl" version="2.3.0.0.0">
         <files>
            <file path="\oracle_common\plugins\maven\com\oracle\fmwshare\oracle.jaxb.impl\2.3.0\oracle.jaxb.impl-2.3.0.pom"/>
            <file path="\oracle_common\plugins\maven\com\oracle\fmwshare\com.sun.xml.bind.jaxb-impl\2.3.0\com.sun.xml.bind.jaxb-impl-2.3.0.pom"/>
            <file path="\oracle_common\plugins\maven\com\oracle\fmwshare\com.sun.xml.bind.jaxb-impl\2.3.0\com.sun.xml.bind.jaxb-impl-2.3.0.location"/>
         </files>
      </component>
      <component name="oracle.jaxb.core" version="2.3.0.0.0">
         <files>
            <file path="\oracle_common\plugins\maven\com\oracle\fmwshare\oracle.jaxb.core\2.3.0\oracle.jaxb.core-2.3.0.pom"/>
            <file path="\oracle_common\plugins\maven\com\oracle\fmwshare\com.sun.org.apache.xml.internal.resolver\2.3.0\com.sun.org.apache.xml.internal.resolver-2.3.0.pom"/>
            <file path="\oracle_common\plugins\maven\com\oracle\fmwshare\com.sun.org.apache.xml.internal.resolver\2.3.0\com.sun.org.apache.xml.internal.resolver-2.3.0.location"/>
            <file path="\oracle_common\plugins\maven\com\oracle\fmwshare\com.sun.xml.bind.jaxb-core\2.3.0\com.sun.xml.bind.jaxb-core-2.3.0.pom"/>
            <file path="\oracle_common\plugins\maven\com\oracle\fmwshare\com.sun.xml.bind.jaxb-core\2.3.0\com.sun.xml.bind.jaxb-core-2.3.0.location"/>
         </files>
      </component>
      <component name="oracle.java.activation" version="12.2.1.3.0">
         <files>
            <file path="\oracle_common\plugins\maven\com\oracle\weblogic\oracle.java.activation\12.2.1\oracle.java.activation-12.2.1.pom"/>
            <file path="\oracle_common\plugins\maven\com\oracle\weblogic\javax.activation.javax.activation\12.2.1\javax.activation.javax.activation-12.2.1.pom"/>
            <file path="\oracle_common\plugins\maven\com\oracle\weblogic\javax.activation.javax.activation\12.2.1\javax.activation.javax.activation-12.2.1.location"/>
         </files>
      </component>
      <component name="oracle.java.xml.bind" version="2.3.0.0.0">
         <files>
            <file path="\oracle_common\plugins\maven\com\oracle\weblogic\oracle.java.xml.bind\2.3.0\oracle.java.xml.bind-2.3.0.pom"/>
            <file path="\oracle_common\plugins\maven\com\oracle\weblogic\javax.xml.bind.javax.xml.bind-api\2.3.0\javax.xml.bind.javax.xml.bind-api-2.3.0.pom"/>
            <file path="\oracle_common\plugins\maven\com\oracle\weblogic\javax.xml.bind.javax.xml.bind-api\2.3.0\javax.xml.bind.javax.xml.bind-api-2.3.0.location"/>
         </files>
      </component>
      <component name="oracle.nlsoramapping.jrf" version="12.2.0.1.0">
         <files>
            <file path="\oracle_common\plugins\maven\com\oracle\oracle.nlsoramapping.jrf\12.2.0\oracle.nlsoramapping.jrf-12.2.0.pom"/>
            <file path="\oracle_common\plugins\maven\com\oracle\nlsoramapping\jrf\orai18n-mapping\12.2.0\orai18n-mapping-12.2.0.pom"/>
            <file path="\oracle_common\plugins\maven\com\oracle\nlsoramapping\jrf\orai18n-mapping\12.2.0\orai18n-mapping-12.2.0.location"/>
         </files>
      </component>
      <component name="oracle.glcm.logging" version="1.6.2.0.0">
         <files>
            <file path="\oracle_common\plugins\maven\com\oracle\oracle.glcm.logging\1.6.2\oracle.glcm.logging-1.6.2.pom"/>
            <file path="\oracle_common\plugins\maven\com\oracle\glcm\logging\common-logging-classpath\1.6.2\common-logging-classpath-1.6.2.pom"/>
            <file path="\oracle_common\plugins\maven\com\oracle\glcm\logging\common-logging-classpath\1.6.2\common-logging-classpath-1.6.2.location"/>
            <file path="\oracle_common\plugins\maven\com\oracle\glcm\logging\com.oracle.glcm.common-logging_1.6.2.0\1.6.2\com.oracle.glcm.common-logging_1.6.2.0-1.6.2.pom"/>
            <file path="\oracle_common\plugins\maven\com\oracle\glcm\logging\com.oracle.glcm.common-logging_1.6.2.0\1.6.2\com.oracle.glcm.common-logging_1.6.2.0-1.6.2.location"/>
         </files>
      </component>
      <component name="oracle.glcm.comdev" version="7.8.2.0.0">
         <files>
            <file path="\oracle_common\plugins\maven\com\oracle\oracle.glcm.comdev\7.8.2\oracle.glcm.comdev-7.8.2.pom"/>
            <file path="\oracle_common\plugins\maven\com\oracle\glcm\comdev\comdev-classpath\7.8.2\comdev-classpath-7.8.2.pom"/>
            <file path="\oracle_common\plugins\maven\com\oracle\glcm\comdev\comdev-classpath\7.8.2\comdev-classpath-7.8.2.location"/>
            <file path="\oracle_common\plugins\maven\com\oracle\glcm\comdev\com.oracle.cie.comdev_7.8.2.0\7.8.2\com.oracle.cie.comdev_7.8.2.0-7.8.2.pom"/>
            <file path="\oracle_common\plugins\maven\com\oracle\glcm\comdev\com.oracle.cie.comdev_7.8.2.0\7.8.2\com.oracle.cie.comdev_7.8.2.0-7.8.2.location"/>
         </files>
      </component>
      <component name="oracle.glcm.dependency" version="1.8.2.0.0">
         <files>
            <file path="\oracle_common\plugins\maven\com\oracle\oracle.glcm.dependency\1.8.2\oracle.glcm.dependency-1.8.2.pom"/>
            <file path="\oracle_common\plugins\maven\com\oracle\glcm\dependency\dependency-classpath\1.8.2\dependency-classpath-1.8.2.pom"/>
            <file path="\oracle_common\plugins\maven\com\oracle\glcm\dependency\dependency-classpath\1.8.2\dependency-classpath-1.8.2.location"/>
            <file path="\oracle_common\plugins\maven\com\oracle\glcm\dependency\com.oracle.cie.dependency_1.8.2.0\1.8.2\com.oracle.cie.dependency_1.8.2.0-1.8.2.pom"/>
            <file path="\oracle_common\plugins\maven\com\oracle\glcm\dependency\com.oracle.cie.dependency_1.8.2.0\1.8.2\com.oracle.cie.dependency_1.8.2.0-1.8.2.location"/>
         </files>
      </component>
      <component name="oracle.glcm.xmldh" version="3.4.2.0.0">
         <files>
            <file path="\oracle_common\plugins\maven\com\oracle\oracle.glcm.xmldh\3.4.2\oracle.glcm.xmldh-3.4.2.pom"/>
            <file path="\oracle_common\plugins\maven\com\oracle\glcm\xmldh\xmldh-classpath\3.4.2\xmldh-classpath-3.4.2.pom"/>
            <file path="\oracle_common\plugins\maven\com\oracle\glcm\xmldh\xmldh-classpath\3.4.2\xmldh-classpath-3.4.2.location"/>
            <file path="\oracle_common\plugins\maven\com\oracle\glcm\xmldh\com.oracle.cie.xmldh_3.4.2.0\3.4.2\com.oracle.cie.xmldh_3.4.2.0-3.4.2.pom"/>
            <file path="\oracle_common\plugins\maven\com\oracle\glcm\xmldh\com.oracle.cie.xmldh_3.4.2.0\3.4.2\com.oracle.cie.xmldh_3.4.2.0-3.4.2.location"/>
         </files>
      </component>
      <component name="oracle.glcm.wizard" version="7.8.2.0.0">
         <files>
            <file path="\oracle_common\plugins\maven\com\oracle\oracle.glcm.wizard\7.8.2\oracle.glcm.wizard-7.8.2.pom"/>
            <file path="\oracle_common\plugins\maven\com\oracle\glcm\wizard\wizard-classpath\7.8.2\wizard-classpath-7.8.2.pom"/>
            <file path="\oracle_common\plugins\maven\com\oracle\glcm\wizard\wizard-classpath\7.8.2\wizard-classpath-7.8.2.location"/>
            <file path="\oracle_common\plugins\maven\com\oracle\glcm\wizard\com.oracle.cie.wizard_7.8.2.0\7.8.2\com.oracle.cie.wizard_7.8.2.0-7.8.2.pom"/>
            <file path="\oracle_common\plugins\maven\com\oracle\glcm\wizard\com.oracle.cie.wizard_7.8.2.0\7.8.2\com.oracle.cie.wizard_7.8.2.0-7.8.2.location"/>
         </files>
      </component>
      <component name="oracle.osdt.core" version="12.2.1.3.0">
         <files>
            <file path="\oracle_common\plugins\maven\com\oracle\fmwshare\oracle.osdt.core\12.2.1\oracle.osdt.core-12.2.1.pom"/>
            <file path="\oracle_common\plugins\maven\com\oracle\fmwshare\osdt_saml2\12.2.1\osdt_saml2-12.2.1.pom"/>
            <file path="\oracle_common\plugins\maven\com\oracle\fmwshare\osdt_saml2\12.2.1\osdt_saml2-12.2.1.location"/>
            <file path="\oracle_common\plugins\maven\com\oracle\fmwshare\osdt_core\12.2.1\osdt_core-12.2.1.pom"/>
            <file path="\oracle_common\plugins\maven\com\oracle\fmwshare\osdt_core\12.2.1\osdt_core-12.2.1.location"/>
            <file path="\oracle_common\plugins\maven\com\oracle\fmwshare\osdt_ws_sx\12.2.1\osdt_ws_sx-12.2.1.pom"/>
            <file path="\oracle_common\plugins\maven\com\oracle\fmwshare\osdt_ws_sx\12.2.1\osdt_ws_sx-12.2.1.location"/>
            <file path="\oracle_common\plugins\maven\com\oracle\fmwshare\osdt_cert\12.2.1\osdt_cert-12.2.1.pom"/>
            <file path="\oracle_common\plugins\maven\com\oracle\fmwshare\osdt_cert\12.2.1\osdt_cert-12.2.1.location"/>
            <file path="\oracle_common\plugins\maven\com\oracle\fmwshare\osdt_xmlsec\12.2.1\osdt_xmlsec-12.2.1.pom"/>
            <file path="\oracle_common\plugins\maven\com\oracle\fmwshare\osdt_xmlsec\12.2.1\osdt_xmlsec-12.2.1.location"/>
            <file path="\oracle_common\plugins\maven\com\oracle\fmwshare\osdt_saml\12.2.1\osdt_saml-12.2.1.pom"/>
            <file path="\oracle_common\plugins\maven\com\oracle\fmwshare\osdt_saml\12.2.1\osdt_saml-12.2.1.location"/>
            <file path="\oracle_common\plugins\maven\com\oracle\fmwshare\osdt_restsec\12.2.1\osdt_restsec-12.2.1.pom"/>
            <file path="\oracle_common\plugins\maven\com\oracle\fmwshare\osdt_restsec\12.2.1\osdt_restsec-12.2.1.location"/>
            <file path="\oracle_common\plugins\maven\com\oracle\fmwshare\osdt_wss\12.2.1\osdt_wss-12.2.1.pom"/>
            <file path="\oracle_common\plugins\maven\com\oracle\fmwshare\osdt_wss\12.2.1\osdt_wss-12.2.1.location"/>
         </files>
      </component>
      <component name="oracle.pki" version="12.2.1.3.0">
         <files>
            <file path="\oracle_common\plugins\maven\com\oracle\fmwshare\oracle.pki\12.2.1\oracle.pki-12.2.1.pom"/>
            <file path="\oracle_common\plugins\maven\com\oracle\fmwshare\ojmisc\12.2.1\ojmisc-12.2.1.pom"/>
            <file path="\oracle_common\plugins\maven\com\oracle\fmwshare\ojmisc\12.2.1\ojmisc-12.2.1.location"/>
            <file path="\oracle_common\plugins\maven\com\oracle\fmwshare\oraclepki\12.2.1\oraclepki-12.2.1.pom"/>
            <file path="\oracle_common\plugins\maven\com\oracle\fmwshare\oraclepki\12.2.1\oraclepki-12.2.1.location"/>
         </files>
      </component>
      <component name="oracle.rsa.crypto" version="12.2.1.3.0">
         <files>
            <file path="\oracle_common\plugins\maven\com\oracle\weblogic\oracle.rsa.crypto\12.2.1\oracle.rsa.crypto-12.2.1.pom"/>
            <file path="\oracle_common\plugins\maven\com\oracle\weblogic\cryptoj\12.2.1\cryptoj-12.2.1.pom"/>
            <file path="\oracle_common\plugins\maven\com\oracle\weblogic\cryptoj\12.2.1\cryptoj-12.2.1.location"/>
         </files>
      </component>
      <component name="oracle.glcm.encryption" version="2.7.2.0.0">
         <files>
            <file path="\oracle_common\plugins\maven\com\oracle\oracle.glcm.encryption\2.7.2\oracle.glcm.encryption-2.7.2.pom"/>
            <file path="\oracle_common\plugins\maven\com\oracle\glcm\encryption\encryption-classpath\2.7.2\encryption-classpath-2.7.2.pom"/>
            <file path="\oracle_common\plugins\maven\com\oracle\glcm\encryption\encryption-classpath\2.7.2\encryption-classpath-2.7.2.location"/>
            <file path="\oracle_common\plugins\maven\com\oracle\glcm\encryption\com.oracle.glcm.encryption_2.7.2.0\2.7.2\com.oracle.glcm.encryption_2.7.2.0-2.7.2.pom"/>
            <file path="\oracle_common\plugins\maven\com\oracle\glcm\encryption\com.oracle.glcm.encryption_2.7.2.0\2.7.2\com.oracle.glcm.encryption_2.7.2.0-2.7.2.location"/>
         </files>
      </component>
      <component name="oracle.xdk.jrf.xmlparserv2" version="12.2.1.3.0">
         <files>
            <file path="\oracle_common\plugins\maven\com\oracle\fmwshare\oracle.xdk.jrf.xmlparserv2\12.2.1\oracle.xdk.jrf.xmlparserv2-12.2.1.pom"/>
            <file path="\oracle_common\plugins\maven\com\oracle\fmwshare\xmlparserv2\12.2.1\xmlparserv2-12.2.1.pom"/>
            <file path="\oracle_common\plugins\maven\com\oracle\fmwshare\xmlparserv2\12.2.1\xmlparserv2-12.2.1.location"/>
         </files>
      </component>
      <component name="oracle.glcm.opatch.common.api" version="13.9.2.0.0">
         <files>
            <file path="\OPatch\plugins\maven\com\oracle\oracle.glcm.opatch.common.api.oracle.glcm.opatch.common.api.classpath\13.9.2\oracle.glcm.opatch.common.api.oracle.glcm.opatch.common.api.classpath-13.9.2.pom"/>
            <file path="\OPatch\plugins\maven\com\oracle\oracle.glcm.opatch.common.api\13.9.2\oracle.glcm.opatch.common.api-13.9.2.pom"/>
            <file path="\OPatch\modules\features\oracle.glcm.opatch.common.api.classpath.jar"/>
            <file path="\OPatch\plugins\maven\com\oracle\glcm\opatch\common\api\com.oracle.glcm.patch.opatch-common-api-schema_13.9.2.0\13.9.2\com.oracle.glcm.patch.opatch-common-api-schema_13.9.2.0-13.9.2.pom"/>
            <file path="\OPatch\plugins\maven\com\oracle\glcm\opatch\common\api\com.oracle.glcm.patch.opatch-common-api-schema_13.9.2.0\13.9.2\com.oracle.glcm.patch.opatch-common-api-schema_13.9.2.0-13.9.2.location"/>
            <file path="\OPatch\plugins\maven\com\oracle\glcm\opatch\common\api\opatch-common-api-classpath\13.9.2\opatch-common-api-classpath-13.9.2.pom"/>
            <file path="\OPatch\plugins\maven\com\oracle\glcm\opatch\common\api\opatch-common-api-classpath\13.9.2\opatch-common-api-classpath-13.9.2.location"/>
            <file path="\OPatch\plugins\maven\com\oracle\glcm\opatch\common\api\com.oracle.glcm.patch.opatch-common-api-interfaces_13.9.2.0\13.9.2\com.oracle.glcm.patch.opatch-common-api-interfaces_13.9.2.0-13.9.2.pom"/>
            <file path="\OPatch\plugins\maven\com\oracle\glcm\opatch\common\api\com.oracle.glcm.patch.opatch-common-api-interfaces_13.9.2.0\13.9.2\com.oracle.glcm.patch.opatch-common-api-interfaces_13.9.2.0-13.9.2.location"/>
            <file path="\OPatch\plugins\maven\com\oracle\glcm\opatch\common\api\com.oracle.glcm.patch.opatch-common-api_13.9.2.0\13.9.2\com.oracle.glcm.patch.opatch-common-api_13.9.2.0-13.9.2.pom"/>
            <file path="\OPatch\plugins\maven\com\oracle\glcm\opatch\common\api\com.oracle.glcm.patch.opatch-common-api_13.9.2.0\13.9.2\com.oracle.glcm.patch.opatch-common-api_13.9.2.0-13.9.2.location"/>
         </files>
      </component>
      <component name="oracle.as.install.common.help" version="12.2.1.3.0">
         <files>
            <file path="\oui\plugins\maven\com\oracle\fmwshare\oracle.as.install.common.help\12.2.1\oracle.as.install.common.help-12.2.1.pom"/>
            <file path="\oui\plugins\maven\com\oracle\fmwshare\inhlp_ko\12.2.1\inhlp_ko-12.2.1.pom"/>
            <file path="\oui\plugins\maven\com\oracle\fmwshare\inhlp_ko\12.2.1\inhlp_ko-12.2.1.location"/>
            <file path="\oui\plugins\maven\com\oracle\fmwshare\inhlp_zh_CN\12.2.1\inhlp_zh_CN-12.2.1.pom"/>
            <file path="\oui\plugins\maven\com\oracle\fmwshare\inhlp_zh_CN\12.2.1\inhlp_zh_CN-12.2.1.location"/>
            <file path="\oui\plugins\maven\com\oracle\fmwshare\inhlp_fr\12.2.1\inhlp_fr-12.2.1.pom"/>
            <file path="\oui\plugins\maven\com\oracle\fmwshare\inhlp_fr\12.2.1\inhlp_fr-12.2.1.location"/>
            <file path="\oui\plugins\maven\com\oracle\fmwshare\inhlp\12.2.1\inhlp-12.2.1.pom"/>
            <file path="\oui\plugins\maven\com\oracle\fmwshare\inhlp\12.2.1\inhlp-12.2.1.location"/>
            <file path="\oui\plugins\maven\com\oracle\fmwshare\inhlp_de\12.2.1\inhlp_de-12.2.1.pom"/>
            <file path="\oui\plugins\maven\com\oracle\fmwshare\inhlp_de\12.2.1\inhlp_de-12.2.1.location"/>
            <file path="\oui\plugins\maven\com\oracle\fmwshare\inhlp_ja\12.2.1\inhlp_ja-12.2.1.pom"/>
            <file path="\oui\plugins\maven\com\oracle\fmwshare\inhlp_ja\12.2.1\inhlp_ja-12.2.1.location"/>
            <file path="\oui\plugins\maven\com\oracle\fmwshare\inhlp_zh_TW\12.2.1\inhlp_zh_TW-12.2.1.pom"/>
            <file path="\oui\plugins\maven\com\oracle\fmwshare\inhlp_zh_TW\12.2.1\inhlp_zh_TW-12.2.1.location"/>
            <file path="\oui\plugins\maven\com\oracle\fmwshare\inhlp_es\12.2.1\inhlp_es-12.2.1.pom"/>
            <file path="\oui\plugins\maven\com\oracle\fmwshare\inhlp_es\12.2.1\inhlp_es-12.2.1.location"/>
            <file path="\oui\plugins\maven\com\oracle\fmwshare\inhlp_pt_BR\12.2.1\inhlp_pt_BR-12.2.1.pom"/>
            <file path="\oui\plugins\maven\com\oracle\fmwshare\inhlp_pt_BR\12.2.1\inhlp_pt_BR-12.2.1.location"/>
            <file path="\oui\plugins\maven\com\oracle\fmwshare\inhlp_it\12.2.1\inhlp_it-12.2.1.pom"/>
            <file path="\oui\plugins\maven\com\oracle\fmwshare\inhlp_it\12.2.1\inhlp_it-12.2.1.location"/>
         </files>
      </component>
      <component name="oracle.glcm.opatchauto.core" version="13.9.2.0.0">
         <files>
            <file path="\OPatch\plugins\maven\com\oracle\oracle.glcm.opatchauto.core.oracle.glcm.opatchauto.core.classpath\13.9.2\oracle.glcm.opatchauto.core.oracle.glcm.opatchauto.core.classpath-13.9.2.pom"/>
            <file path="\OPatch\plugins\maven\com\oracle\oracle.glcm.opatchauto.core.oracle.glcm.opatchauto.core.binary.classpath\13.9.2\oracle.glcm.opatchauto.core.oracle.glcm.opatchauto.core.binary.classpath-13.9.2.pom"/>
            <file path="\OPatch\plugins\maven\com\oracle\oracle.glcm.opatchauto.core.oracle.glcm.opatchauto.core.actions.classpath\13.9.2\oracle.glcm.opatchauto.core.oracle.glcm.opatchauto.core.actions.classpath-13.9.2.pom"/>
            <file path="\OPatch\plugins\maven\com\oracle\oracle.glcm.opatchauto.core.oracle.glcm.opatchauto.core.wallet.classpath\13.9.2\oracle.glcm.opatchauto.core.oracle.glcm.opatchauto.core.wallet.classpath-13.9.2.pom"/>
            <file path="\OPatch\plugins\maven\com\oracle\oracle.glcm.opatchauto.core\13.9.2\oracle.glcm.opatchauto.core-13.9.2.pom"/>
            <file path="\OPatch\auto\core\modules\features\oracle.glcm.opatchauto.core.classpath.jar"/>
            <file path="\OPatch\plugins\opatchauto\modules\oracle.glcm.opatchauto.core.actions.classpath.jar"/>
            <file path="\OPatch\auto\core\modules\features\oracle.glcm.opatchauto.core.binary.classpath.jar"/>
            <file path="\OPatch\modules\features\oracle.glcm.opatchauto.core.wallet.classpath.jar"/>
            <file path="\OPatch\plugins\maven\com\oracle\glcm\opatchauto\core\com.oracle.glcm.patch.opatchauto-wallet_13.9.2.0\13.9.2\com.oracle.glcm.patch.opatchauto-wallet_13.9.2.0-13.9.2.pom"/>
            <file path="\OPatch\plugins\maven\com\oracle\glcm\opatchauto\core\com.oracle.glcm.patch.opatchauto-wallet_13.9.2.0\13.9.2\com.oracle.glcm.patch.opatchauto-wallet_13.9.2.0-13.9.2.location"/>
            <file path="\OPatch\plugins\maven\com\oracle\glcm\opatchauto\core\com.oracle.glcm.patch.opatchauto-actions_13.9.2.0\13.9.2\com.oracle.glcm.patch.opatchauto-actions_13.9.2.0-13.9.2.pom"/>
            <file path="\OPatch\plugins\maven\com\oracle\glcm\opatchauto\core\com.oracle.glcm.patch.opatchauto-actions_13.9.2.0\13.9.2\com.oracle.glcm.patch.opatchauto-actions_13.9.2.0-13.9.2.location"/>
            <file path="\OPatch\plugins\maven\com\oracle\glcm\opatchauto\core\com.oracle.glcm.patch.opatchauto-binary_13.9.2.0\13.9.2\com.oracle.glcm.patch.opatchauto-binary_13.9.2.0-13.9.2.pom"/>
            <file path="\OPatch\plugins\maven\com\oracle\glcm\opatchauto\core\com.oracle.glcm.patch.opatchauto-binary_13.9.2.0\13.9.2\com.oracle.glcm.patch.opatchauto-binary_13.9.2.0-13.9.2.location"/>
            <file path="\OPatch\plugins\maven\com\oracle\glcm\opatchauto\core\com.oracle.glcm.patch.opatchauto_13.9.2.0\13.9.2\com.oracle.glcm.patch.opatchauto_13.9.2.0-13.9.2.pom"/>
            <file path="\OPatch\plugins\maven\com\oracle\glcm\opatchauto\core\com.oracle.glcm.patch.opatchauto_13.9.2.0\13.9.2\com.oracle.glcm.patch.opatchauto_13.9.2.0-13.9.2.location"/>
            <file path="\OPatch\plugins\maven\com\oracle\glcm\opatchauto\core\opatchauto-binary-classpath\13.9.2\opatchauto-binary-classpath-13.9.2.pom"/>
            <file path="\OPatch\plugins\maven\com\oracle\glcm\opatchauto\core\opatchauto-binary-classpath\13.9.2\opatchauto-binary-classpath-13.9.2.location"/>
         </files>
      </component>
      <component name="oracle.jrf.thirdparty.toplink" version="12.2.1.3.0">
         <files>
            <file path="\oracle_common\plugins\maven\com\oracle\fmwshare\oracle.jrf.thirdparty.toplink\12.2.1\oracle.jrf.thirdparty.toplink-12.2.1.pom"/>
            <file path="\oracle_common\plugins\maven\com\oracle\fmwshare\javax.persistence\12.2.1\javax.persistence-12.2.1.pom"/>
            <file path="\oracle_common\plugins\maven\com\oracle\fmwshare\javax.persistence\12.2.1\javax.persistence-12.2.1.location"/>
            <file path="\oracle_common\plugins\maven\com\oracle\fmwshare\javax.validation\12.2.1\javax.validation-12.2.1.pom"/>
            <file path="\oracle_common\plugins\maven\com\oracle\fmwshare\javax.validation\12.2.1\javax.validation-12.2.1.location"/>
            <file path="\oracle_common\plugins\maven\com\oracle\fmwshare\commonj.sdo\12.2.1\commonj.sdo-12.2.1.pom"/>
            <file path="\oracle_common\plugins\maven\com\oracle\fmwshare\commonj.sdo\12.2.1\commonj.sdo-12.2.1.location"/>
            <file path="\oracle_common\plugins\maven\com\oracle\fmwshare\commonj.sdo.backward\12.2.1\commonj.sdo.backward-12.2.1.pom"/>
            <file path="\oracle_common\plugins\maven\com\oracle\fmwshare\commonj.sdo.backward\12.2.1\commonj.sdo.backward-12.2.1.location"/>
         </files>
      </component>
      <component name="oracle.wls.thirdparty.javax.json" version="12.2.1.3.0">
         <files>
            <file path="\oracle_common\plugins\maven\com\oracle\weblogic\oracle.wls.thirdparty.javax.json\12.2.1\oracle.wls.thirdparty.javax.json-12.2.1.pom"/>
            <file path="\oracle_common\plugins\maven\com\oracle\weblogic\org.glassfish.javax.json\12.2.1\org.glassfish.javax.json-12.2.1.pom"/>
            <file path="\oracle_common\plugins\maven\com\oracle\weblogic\org.glassfish.javax.json\12.2.1\org.glassfish.javax.json-12.2.1.location"/>
         </files>
      </component>
      <component name="oracle.jrf.toplink" version="12.2.1.3.0">
         <files>
            <file path="\oracle_common\plugins\maven\com\oracle\toplink\oracle.jrf.toplink\12.2.1\oracle.jrf.toplink-12.2.1.pom"/>
            <file path="\oracle_common\plugins\maven\com\oracle\toplink\eclipselink\12.2.1\eclipselink-12.2.1.pom"/>
            <file path="\oracle_common\plugins\maven\com\oracle\toplink\eclipselink\12.2.1\eclipselink-12.2.1.location"/>
            <file path="\oracle_common\plugins\maven\com\oracle\toplink\toplink-exalogic\12.2.1\toplink-exalogic-12.2.1.pom"/>
            <file path="\oracle_common\plugins\maven\com\oracle\toplink\toplink-exalogic\12.2.1\toplink-exalogic-12.2.1.location"/>
            <file path="\oracle_common\plugins\maven\com\oracle\toplink\toplink-dataservices-web\12.2.1\toplink-dataservices-web-12.2.1.pom"/>
            <file path="\oracle_common\plugins\maven\com\oracle\toplink\toplink-dataservices-web\12.2.1\toplink-dataservices-web-12.2.1.location"/>
            <file path="\oracle_common\plugins\maven\com\oracle\toplink\org.eclipse.persistence.oracle.nosql\12.2.1\org.eclipse.persistence.oracle.nosql-12.2.1.pom"/>
            <file path="\oracle_common\plugins\maven\com\oracle\toplink\org.eclipse.persistence.oracle.nosql\12.2.1\org.eclipse.persistence.oracle.nosql-12.2.1.location"/>
            <file path="\oracle_common\plugins\maven\com\oracle\toplink\toplink-grid\12.2.1\toplink-grid-12.2.1.pom"/>
            <file path="\oracle_common\plugins\maven\com\oracle\toplink\toplink-grid\12.2.1\toplink-grid-12.2.1.location"/>
            <file path="\oracle_common\plugins\maven\com\oracle\toplink\org.eclipse.persistence.nosql\12.2.1\org.eclipse.persistence.nosql-12.2.1.pom"/>
            <file path="\oracle_common\plugins\maven\com\oracle\toplink\org.eclipse.persistence.nosql\12.2.1\org.eclipse.persistence.nosql-12.2.1.location"/>
            <file path="\oracle_common\plugins\maven\com\oracle\toplink\org.eclipse.persistence.jpa.modelgen\12.2.1\org.eclipse.persistence.jpa.modelgen-12.2.1.pom"/>
            <file path="\oracle_common\plugins\maven\com\oracle\toplink\org.eclipse.persistence.jpa.modelgen\12.2.1\org.eclipse.persistence.jpa.modelgen-12.2.1.location"/>
            <file path="\oracle_common\plugins\maven\com\oracle\toplink\toplink-dataservices\12.2.1\toplink-dataservices-12.2.1.pom"/>
            <file path="\oracle_common\plugins\maven\com\oracle\toplink\toplink-dataservices\12.2.1\toplink-dataservices-12.2.1.location"/>
         </files>
      </component>
      <component name="oracle.toplink.coherence" version="12.2.1.3.0">
         <files>
            <file path="\coherence\plugins\maven\com\oracle\toplink\oracle.toplink.coherence\12.2.1\oracle.toplink.coherence-12.2.1.pom"/>
            <file path="\coherence\plugins\maven\com\oracle\toplink\coherence-jpa\12.2.1\coherence-jpa-12.2.1.pom"/>
            <file path="\coherence\plugins\maven\com\oracle\toplink\coherence-jpa\12.2.1\coherence-jpa-12.2.1.location"/>
         </files>
      </component>
      <component name="oracle.coherence" version="12.2.1.3.0">
         <files>
            <file path="\coherence\plugins\maven\com\oracle\coherence\coherence-all\12.2.1\coherence-all-12.2.1.pom"/>
         </files>
      </component>
   </components>
   <features>
      <feature name="thirdParty_comFasterxmlJacksonCoreJacksonDatabind" version="2.7.9.1.0">
         <files>
            <file path="\oracle_common\modules\thirdparty\features\jackson-databind_2.7.9.1.0.jar"/>
            <file path="\oracle_common\plugins\maven\com\oracle\thirdParty_comFasterxmlJacksonCoreJacksonDatabind\2.7.9\thirdParty_comFasterxmlJacksonCoreJacksonDatabind-2.7.9.pom"/>
            <file path="\oracle_common\plugins\maven\com\oracle\thirdParty_comFasterxmlJacksonCoreJacksonDatabind.jackson-databind_2.7.9.1.0\2.7.9\thirdParty_comFasterxmlJacksonCoreJacksonDatabind.jackson-databind_2.7.9.1.0-2.7.9.pom"/>
         </files>
      </feature>
      <feature name="thirdParty_comJcraftJsch" version="0.1.53.0.0">
         <files>
            <file path="\oracle_common\modules\thirdparty\features\jsch_0.1.53.0.0.jar"/>
            <file path="\oracle_common\plugins\maven\com\oracle\thirdParty_comJcraftJsch\0.1.53\thirdParty_comJcraftJsch-0.1.53.pom"/>
            <file path="\oracle_common\plugins\maven\com\oracle\thirdParty_comJcraftJsch.jsch_0.1.53.0.0\0.1.53\thirdParty_comJcraftJsch.jsch_0.1.53.0.0-0.1.53.pom"/>
         </files>
      </feature>
      <feature name="thirdParty_comFasterxmlJacksonCoreJacksonCore" version="2.7.9.0.0">
         <files>
            <file path="\oracle_common\modules\thirdparty\features\jackson-core_2.7.9.0.0.jar"/>
            <file path="\oracle_common\plugins\maven\com\oracle\thirdParty_comFasterxmlJacksonCoreJacksonCore\2.7.9\thirdParty_comFasterxmlJacksonCoreJacksonCore-2.7.9.pom"/>
            <file path="\oracle_common\plugins\maven\com\oracle\thirdParty_comFasterxmlJacksonCoreJacksonCore.jackson-core_2.7.9.0.0\2.7.9\thirdParty_comFasterxmlJacksonCoreJacksonCore.jackson-core_2.7.9.0.0-2.7.9.pom"/>
         </files>
      </feature>
      <feature name="thirdPartyMain_comFasterxmlJacksonCoreJacksonDatabind" version="2.7.9.1.0">
         <files>
            <file path="\oracle_common\modules\thirdparty\features\jackson-databind.jar"/>
            <file path="\oracle_common\plugins\maven\com\oracle\thirdPartyMain_comFasterxmlJacksonCoreJacksonDatabind\2.7.9\thirdPartyMain_comFasterxmlJacksonCoreJacksonDatabind-2.7.9.pom"/>
            <file path="\oracle_common\plugins\maven\com\oracle\thirdPartyMain_comFasterxmlJacksonCoreJacksonDatabind.jackson-databind\2.7.9\thirdPartyMain_comFasterxmlJacksonCoreJacksonDatabind.jackson-databind-2.7.9.pom"/>
         </files>
      </feature>
      <feature name="thirdPartyMain_log4jLog4j" version="1.2.17.0.0">
         <files>
            <file path="\oracle_common\modules\thirdparty\features\log4j.jar"/>
            <file path="\oracle_common\plugins\maven\com\oracle\thirdPartyMain_log4jLog4j\1.2.17\thirdPartyMain_log4jLog4j-1.2.17.pom"/>
            <file path="\oracle_common\plugins\maven\com\oracle\thirdPartyMain_log4jLog4j.log4j\1.2.17\thirdPartyMain_log4jLog4j.log4j-1.2.17.pom"/>
         </files>
      </feature>
      <feature name="thirdPartyMain_xercesXercesimpl" version="2.11.0.0.0">
         <files>
            <file path="\oracle_common\modules\thirdparty\features\xercesimpl.jar"/>
            <file path="\oracle_common\plugins\maven\com\oracle\thirdPartyMain_xercesXercesimpl\2.11.0\thirdPartyMain_xercesXercesimpl-2.11.0.pom"/>
            <file path="\oracle_common\plugins\maven\com\oracle\thirdPartyMain_xercesXercesimpl.xercesimpl\2.11.0\thirdPartyMain_xercesXercesimpl.xercesimpl-2.11.0.pom"/>
         </files>
      </feature>
      <feature name="thirdParty_log4jLog4j" version="1.2.17.0.0">
         <files>
            <file path="\oracle_common\modules\thirdparty\features\log4j_1.2.17.0.0.jar"/>
            <file path="\oracle_common\plugins\maven\com\oracle\thirdParty_log4jLog4j\1.2.17\thirdParty_log4jLog4j-1.2.17.pom"/>
            <file path="\oracle_common\plugins\maven\com\oracle\thirdParty_log4jLog4j.log4j_1.2.17.0.0\1.2.17\thirdParty_log4jLog4j.log4j_1.2.17.0.0-1.2.17.pom"/>
         </files>
      </feature>
      <feature name="thirdPartyMain_comJcraftJsch" version="0.1.53.0.0">
         <files>
            <file path="\oracle_common\modules\thirdparty\features\jsch.jar"/>
            <file path="\oracle_common\plugins\maven\com\oracle\thirdPartyMain_comJcraftJsch\0.1.53\thirdPartyMain_comJcraftJsch-0.1.53.pom"/>
            <file path="\oracle_common\plugins\maven\com\oracle\thirdPartyMain_comJcraftJsch.jsch\0.1.53\thirdPartyMain_comJcraftJsch.jsch-0.1.53.pom"/>
         </files>
      </feature>
      <feature name="thirdParty_xercesXercesimpl" version="2.11.0.0.0">
         <files>
            <file path="\oracle_common\modules\thirdparty\features\xercesimpl_2.11.0.0.0.jar"/>
            <file path="\oracle_common\plugins\maven\com\oracle\thirdParty_xercesXercesimpl\2.11.0\thirdParty_xercesXercesimpl-2.11.0.pom"/>
            <file path="\oracle_common\plugins\maven\com\oracle\thirdParty_xercesXercesimpl.xercesimpl_2.11.0.0.0\2.11.0\thirdParty_xercesXercesimpl.xercesimpl_2.11.0.0.0-2.11.0.pom"/>
         </files>
      </feature>
      <feature name="glcm_common_logging" version="13.9.2.0.0">
         <files>
            <file path="\oracle_common\modules\features\glcm_common_logging_glcm_common_logging_lib_13.9.2.jar"/>
         </files>
      </feature>
      <feature name="thirdPartyMain_comFasterxmlJacksonCoreJacksonCore" version="2.7.9.0.0">
         <files>
            <file path="\oracle_common\modules\thirdparty\features\jackson-core.jar"/>
            <file path="\oracle_common\plugins\maven\com\oracle\thirdPartyMain_comFasterxmlJacksonCoreJacksonCore\2.7.9\thirdPartyMain_comFasterxmlJacksonCoreJacksonCore-2.7.9.pom"/>
            <file path="\oracle_common\plugins\maven\com\oracle\thirdPartyMain_comFasterxmlJacksonCoreJacksonCore.jackson-core\2.7.9\thirdPartyMain_comFasterxmlJacksonCoreJacksonCore.jackson-core-2.7.9.pom"/>
         </files>
      </feature>
      <feature name="glcm_encryption" version="13.9.2.0.0">
         <files>
            <file path="\oracle_common\modules\features\glcm_encryption_lib.jar"/>
            <file path="\oracle_common\plugins\maven\com\oracle\fmwshare\glcm_encryption\13.9.2\glcm_encryption-13.9.2.pom"/>
            <file path="\oracle_common\plugins\maven\com\oracle\fmwshare\glcm_encryption.glcm_encryption_lib\13.9.2\glcm_encryption.glcm_encryption_lib-13.9.2.pom"/>
         </files>
      </feature>
      <feature name="glcm_common" version="13.9.2.0.0">
         <files>
            <file path="\oracle_common\modules\features\glcm_common_glcm_common_lib_13.9.2.jar"/>
         </files>
      </feature>
      <feature name="orapki" version="12.2.1.3.0">
         <files>
            <file path="\oracle_common\modules\features\com.oracle.orapki.jar"/>
            <file path="\oracle_common\modules\features\orapki.lib.jar"/>
            <file path="\oracle_common\plugins\maven\com\oracle\fmwshare\orapki\12.2.1\orapki-12.2.1.pom"/>
            <file path="\oracle_common\plugins\maven\com\oracle\fmwshare\orapki.com.oracle.orapki\12.2.1\orapki.com.oracle.orapki-12.2.1.pom"/>
            <file path="\oracle_common\plugins\maven\com\oracle\fmwshare\orapki.orapki.lib\12.2.1\orapki.orapki.lib-12.2.1.pom"/>
         </files>
      </feature>
      <feature name="thirdParty_oracleJaxbRI" version="2.3.0.0.0">
         <files>
            <file path="\oracle_common\modules\internal\features\lib_jaxb_2.3.0.jar"/>
            <file path="\oracle_common\plugins\maven\com\oracle\fmwshare\thirdParty_oracleJaxbRI\2.3.0\thirdParty_oracleJaxbRI-2.3.0.pom"/>
            <file path="\oracle_common\plugins\maven\com\oracle\fmwshare\thirdParty_oracleJaxbRI.lib_jaxb\2.3.0\thirdParty_oracleJaxbRI.lib_jaxb-2.3.0.pom"/>
         </files>
      </feature>
      <feature name="wls_thirdparty_javaxjson" version="12.2.1.3.0">
         <files>
            <file path="\oracle_common\modules\internal\features\javax_json_dependencies_12.2.1.jar"/>
            <file path="\oracle_common\plugins\maven\com\oracle\weblogic\wls_thirdparty_javaxjson\12.2.1\wls_thirdparty_javaxjson-12.2.1.pom"/>
            <file path="\oracle_common\plugins\maven\com\oracle\weblogic\wls_thirdparty_javaxjson.javax_json_dependencies\12.2.1\wls_thirdparty_javaxjson.javax_json_dependencies-12.2.1.pom"/>
         </files>
      </feature>
      <feature name="coherence" version="12.2.1.3.0">
         <files>
            <file path="\oracle_common\modules\internal\features\coherence_dependencies.jar"/>
         </files>
      </feature>
      <feature name="thirdParty_oracleJaxbRICore" version="2.3.0.0.0">
         <files>
            <file path="\oracle_common\plugins\maven\com\oracle\fmwshare\thirdParty_oracleJaxbRICore\2.3.0\thirdParty_oracleJaxbRICore-2.3.0.pom"/>
         </files>
      </feature>
      <feature name="oraclexdk_jrf_xmlparser" version="12.2.1.3.0">
         <files>
            <file path="\oracle_common\plugins\maven\com\oracle\fmwshare\oraclexdk_jrf_xmlparser\12.2.1\oraclexdk_jrf_xmlparser-12.2.1.pom"/>
         </files>
      </feature>
      <feature name="toplink_thirdparty" version="12.2.1.3.0">
         <files>
            <file path="\oracle_common\plugins\maven\com\oracle\fmwshare\toplink_thirdparty\12.2.1\toplink_thirdparty-12.2.1.pom"/>
         </files>
      </feature>
      <feature name="jrf_presoTools_core" version="12.2.1.3.0">
         <files>
            <file path="\oracle_common\plugins\maven\com\oracle\fmwshare\jrf_presoTools_core\12.2.1\jrf_presoTools_core-12.2.1.pom"/>
         </files>
      </feature>
      <feature name="java_activation" version="12.2.1.3.0">
         <files>
            <file path="\oracle_common\plugins\maven\com\oracle\weblogic\java_activation\12.2.1\java_activation-12.2.1.pom"/>
         </files>
      </feature>
      <feature name="java_xml_bind" version="2.3.0.0.0">
         <files>
            <file path="\oracle_common\plugins\maven\com\oracle\weblogic\java_xml_bind\2.3.0\java_xml_bind-2.3.0.pom"/>
         </files>
      </feature>
      <feature name="thirdParty_oracleJaxbRITools" version="2.3.0.0.0">
         <files>
            <file path="\oracle_common\plugins\maven\com\oracle\fmwshare\thirdParty_oracleJaxbRITools\2.3.0\thirdParty_oracleJaxbRITools-2.3.0.pom"/>
         </files>
      </feature>
      <feature name="thirdParty_oracleJaxbRIRuntime" version="2.3.0.0.0">
         <files>
            <file path="\oracle_common\plugins\maven\com\oracle\fmwshare\thirdParty_oracleJaxbRIRuntime\2.3.0\thirdParty_oracleJaxbRIRuntime-2.3.0.pom"/>
         </files>
      </feature>
      <feature name="db_nlsoramapping" version="12.2.0.1.0">
         <files>
            <file path="\oracle_common\plugins\maven\com\oracle\db_nlsoramapping\12.2.0\db_nlsoramapping-12.2.0.pom"/>
         </files>
      </feature>
      <feature name="jrf_dmsJse" version="12.2.1.3.0">
         <files>
            <file path="\oracle_common\plugins\maven\com\oracle\fmwshare\jrf_dmsJse\12.2.1\jrf_dmsJse-12.2.1.pom"/>
         </files>
      </feature>
      <feature name="toplink_coherence" version="12.2.1.3.0">
         <files>
            <file path="\coherence\plugins\maven\com\oracle\toplink\toplink_coherence\12.2.1\toplink_coherence-12.2.1.pom"/>
         </files>
      </feature>
      <feature name="toplink" version="12.2.1.3.0">
         <files>
            <file path="\oracle_common\plugins\maven\com\oracle\toplink\toplink\12.2.1\toplink-12.2.1.pom"/>
         </files>
      </feature>
   </features>
</deinstall-info>