<?xml version = '1.0' encoding = 'UTF-8' standalone = 'yes'?>
<!-- Copyright (c) 1999, 2019, Oracle. All rights reserved. -->
<!-- Do not modify the contents of this file by hand. --><PRD_LIST>
   <TL_LIST>
      <COMP NAME="oracle.jrf.maven.plugins.sync" VER="12.2.1.3.0" BUILD_NUMBER="0" REP_VER="0.0.0.0.0" RELEASE="Production" INV_LOC="E:\SamplePOC\Coherence\CoherenceQuick" LANGS="" XML_INV_LOC="Components/oracle.jrf.maven.plugins.sync/12.2.1.3.0/" ACT_INST_VER="13.9.2.0.0" DEINST_VER="11.2.0.0.0" INST_LOC="E:\SamplePOC\Coherence\CoherenceQuick\oracle.jrf.maven.plugins.sync" SOH="T">
         <EXT_NAME>oracle.jrf.maven.plugins.sync</EXT_NAME>
         <DESC/>
         <DESCID>Description</DESCID>
         <STG_INFO OSP_VER="10.2.0.0.0"/>
         <CMP_JAR_INFO>
            <INFO NAME="resourceClass" VAL="Components.oracle.jrf.maven.plugins.sync.v12_2_1_3_0.resources.CompRes"/>
            <INFO NAME="identifiersXML" VAL="Components/oracle/jrf/maven/plugins/sync/v12_2_1_3_0/identifiers.xml"/>
            <INFO NAME="contextClass" VAL="Components.oracle.jrf.maven.plugins.sync.v12_2_1_3_0.CompContext"/>
         </CMP_JAR_INFO>
         <LOC_INFO INST_DFN_LOC="../Scripts" JAR_NAME="install1.jar"/>
         <BOOK NAME=""/>
         <PRE_REQ DEF="T"/>
         <PROD_HOME DEF="T"/>
         <LANG_IDX_MAP>
            <LANG LIST=""/>
         </LANG_IDX_MAP>
         <PLAT_IDX_MAP>
            <PLAT LIST=""/>
         </PLAT_IDX_MAP>
         <DST_IDX_MAP>
            <DST LIST=""/>
         </DST_IDX_MAP>
         <DEP_LIST/>
         <REF_LIST>
            <REF NAME="oracle.jrf.maven.plugins.sync" VER="12.2.1.3.0" HOME_IDX="1"/>
         </REF_LIST>
         <FILESIZEINFO/>
      </COMP>
      <COMP NAME="oracle.thirdparty.maven" VER="3.2.5.0.0" BUILD_NUMBER="0" REP_VER="0.0.0.0.0" RELEASE="Production" INV_LOC="E:\SamplePOC\Coherence\CoherenceQuick" LANGS="" XML_INV_LOC="Components/oracle.thirdparty.maven/3.2.5.0.0/" ACT_INST_VER="13.9.2.0.0" DEINST_VER="11.2.0.0.0" INST_LOC="E:\SamplePOC\Coherence\CoherenceQuick\oracle.thirdparty.maven" SOH="T">
         <EXT_NAME>oracle.thirdparty.maven</EXT_NAME>
         <DESC/>
         <DESCID>Description</DESCID>
         <STG_INFO OSP_VER="10.2.0.0.0"/>
         <CMP_JAR_INFO>
            <INFO NAME="resourceClass" VAL="Components.oracle.thirdparty.maven.v3_2_5_0_0.resources.CompRes"/>
            <INFO NAME="identifiersXML" VAL="Components/oracle/thirdparty/maven/v3_2_5_0_0/identifiers.xml"/>
            <INFO NAME="contextClass" VAL="Components.oracle.thirdparty.maven.v3_2_5_0_0.CompContext"/>
         </CMP_JAR_INFO>
         <LOC_INFO INST_DFN_LOC="../Scripts" JAR_NAME="install1.jar"/>
         <BOOK NAME=""/>
         <PRE_REQ DEF="T"/>
         <PROD_HOME DEF="T"/>
         <LANG_IDX_MAP>
            <LANG LIST=""/>
         </LANG_IDX_MAP>
         <PLAT_IDX_MAP>
            <PLAT LIST=""/>
         </PLAT_IDX_MAP>
         <DST_IDX_MAP>
            <DST LIST=""/>
         </DST_IDX_MAP>
         <DEP_LIST/>
         <REF_LIST>
            <REF NAME="oracle.thirdparty.maven" VER="3.2.5.0.0" HOME_IDX="1"/>
         </REF_LIST>
         <FILESIZEINFO/>
      </COMP>
      <COMP NAME="oracle.coherence" VER="12.2.1.3.0" BUILD_NUMBER="0" REP_VER="0.0.0.0.0" RELEASE="Production" INV_LOC="E:\SamplePOC\Coherence\CoherenceQuick" LANGS="" XML_INV_LOC="Components/oracle.coherence/12.2.1.3.0/" ACT_INST_VER="13.9.2.0.0" DEINST_VER="11.2.0.0.0" INST_LOC="E:\SamplePOC\Coherence\CoherenceQuick\oracle.coherence" SOH="T">
         <EXT_NAME>oracle.coherence</EXT_NAME>
         <DESC/>
         <DESCID>Description</DESCID>
         <STG_INFO OSP_VER="10.2.0.0.0"/>
         <CMP_JAR_INFO>
            <INFO NAME="resourceClass" VAL="Components.oracle.coherence.v12_2_1_3_0.resources.CompRes"/>
            <INFO NAME="identifiersXML" VAL="Components/oracle/coherence/v12_2_1_3_0/identifiers.xml"/>
            <INFO NAME="contextClass" VAL="Components.oracle.coherence.v12_2_1_3_0.CompContext"/>
         </CMP_JAR_INFO>
         <LOC_INFO INST_DFN_LOC="../Scripts" JAR_NAME="install1.jar"/>
         <BOOK NAME=""/>
         <PRE_REQ DEF="T"/>
         <PROD_HOME DEF="T"/>
         <LANG_IDX_MAP>
            <LANG LIST=""/>
         </LANG_IDX_MAP>
         <PLAT_IDX_MAP>
            <PLAT LIST=""/>
         </PLAT_IDX_MAP>
         <DST_IDX_MAP>
            <DST LIST=""/>
         </DST_IDX_MAP>
         <DEP_LIST/>
         <REF_LIST>
            <REF NAME="oracle.coherence" VER="12.2.1.3.0" HOME_IDX="1"/>
         </REF_LIST>
         <FILESIZEINFO/>
      </COMP>
      <COMP NAME="oracle.coherence.discovery" VER="12.2.1.3.0" BUILD_NUMBER="0" REP_VER="0.0.0.0.0" RELEASE="Production" INV_LOC="E:\SamplePOC\Coherence\CoherenceQuick" LANGS="" XML_INV_LOC="Components/oracle.coherence.discovery/12.2.1.3.0/" ACT_INST_VER="13.9.2.0.0" DEINST_VER="11.2.0.0.0" INST_LOC="E:\SamplePOC\Coherence\CoherenceQuick\oracle.coherence.discovery" SOH="T">
         <EXT_NAME>oracle.coherence.discovery</EXT_NAME>
         <DESC/>
         <DESCID>Description</DESCID>
         <STG_INFO OSP_VER="10.2.0.0.0"/>
         <CMP_JAR_INFO>
            <INFO NAME="resourceClass" VAL="Components.oracle.coherence.discovery.v12_2_1_3_0.resources.CompRes"/>
            <INFO NAME="identifiersXML" VAL="Components/oracle/coherence/discovery/v12_2_1_3_0/identifiers.xml"/>
            <INFO NAME="contextClass" VAL="Components.oracle.coherence.discovery.v12_2_1_3_0.CompContext"/>
         </CMP_JAR_INFO>
         <LOC_INFO INST_DFN_LOC="../Scripts" JAR_NAME="install1.jar"/>
         <BOOK NAME=""/>
         <PRE_REQ DEF="T"/>
         <PROD_HOME DEF="T"/>
         <LANG_IDX_MAP>
            <LANG LIST=""/>
         </LANG_IDX_MAP>
         <PLAT_IDX_MAP>
            <PLAT LIST=""/>
         </PLAT_IDX_MAP>
         <DST_IDX_MAP>
            <DST LIST=""/>
         </DST_IDX_MAP>
         <DEP_LIST/>
         <REF_LIST>
            <REF NAME="oracle.coherence.discovery" VER="12.2.1.3.0" HOME_IDX="1"/>
         </REF_LIST>
         <FILESIZEINFO/>
      </COMP>
      <COMP NAME="oracle.toplink.coherence" VER="12.2.1.3.0" BUILD_NUMBER="0" REP_VER="0.0.0.0.0" RELEASE="Production" INV_LOC="E:\SamplePOC\Coherence\CoherenceQuick" LANGS="" XML_INV_LOC="Components/oracle.toplink.coherence/12.2.1.3.0/" ACT_INST_VER="13.9.2.0.0" DEINST_VER="11.2.0.0.0" INST_LOC="E:\SamplePOC\Coherence\CoherenceQuick\oracle.toplink.coherence" SOH="T">
         <EXT_NAME>oracle.toplink.coherence</EXT_NAME>
         <DESC/>
         <DESCID>Description</DESCID>
         <STG_INFO OSP_VER="10.2.0.0.0"/>
         <CMP_JAR_INFO>
            <INFO NAME="resourceClass" VAL="Components.oracle.toplink.coherence.v12_2_1_3_0.resources.CompRes"/>
            <INFO NAME="identifiersXML" VAL="Components/oracle/toplink/coherence/v12_2_1_3_0/identifiers.xml"/>
            <INFO NAME="contextClass" VAL="Components.oracle.toplink.coherence.v12_2_1_3_0.CompContext"/>
         </CMP_JAR_INFO>
         <LOC_INFO INST_DFN_LOC="../Scripts" JAR_NAME="install1.jar"/>
         <BOOK NAME=""/>
         <PRE_REQ DEF="T"/>
         <PROD_HOME DEF="T"/>
         <LANG_IDX_MAP>
            <LANG LIST=""/>
         </LANG_IDX_MAP>
         <PLAT_IDX_MAP>
            <PLAT LIST=""/>
         </PLAT_IDX_MAP>
         <DST_IDX_MAP>
            <DST LIST=""/>
         </DST_IDX_MAP>
         <DEP_LIST/>
         <REF_LIST>
            <REF NAME="oracle.toplink.coherence" VER="12.2.1.3.0" HOME_IDX="1"/>
         </REF_LIST>
         <FILESIZEINFO/>
      </COMP>
      <COMP NAME="oracle.jrf.toplink" VER="12.2.1.3.0" BUILD_NUMBER="0" REP_VER="0.0.0.0.0" RELEASE="Production" INV_LOC="E:\SamplePOC\Coherence\CoherenceQuick" LANGS="" XML_INV_LOC="Components/oracle.jrf.toplink/12.2.1.3.0/" ACT_INST_VER="13.9.2.0.0" DEINST_VER="11.2.0.0.0" INST_LOC="E:\SamplePOC\Coherence\CoherenceQuick\oracle.jrf.toplink" SOH="T">
         <EXT_NAME>oracle.jrf.toplink</EXT_NAME>
         <DESC/>
         <DESCID>Description</DESCID>
         <STG_INFO OSP_VER="10.2.0.0.0"/>
         <CMP_JAR_INFO>
            <INFO NAME="resourceClass" VAL="Components.oracle.jrf.toplink.v12_2_1_3_0.resources.CompRes"/>
            <INFO NAME="identifiersXML" VAL="Components/oracle/jrf/toplink/v12_2_1_3_0/identifiers.xml"/>
            <INFO NAME="contextClass" VAL="Components.oracle.jrf.toplink.v12_2_1_3_0.CompContext"/>
         </CMP_JAR_INFO>
         <LOC_INFO INST_DFN_LOC="../Scripts" JAR_NAME="install1.jar"/>
         <BOOK NAME=""/>
         <PRE_REQ DEF="T"/>
         <PROD_HOME DEF="T"/>
         <LANG_IDX_MAP>
            <LANG LIST=""/>
         </LANG_IDX_MAP>
         <PLAT_IDX_MAP>
            <PLAT LIST=""/>
         </PLAT_IDX_MAP>
         <DST_IDX_MAP>
            <DST LIST=""/>
         </DST_IDX_MAP>
         <DEP_LIST/>
         <REF_LIST>
            <REF NAME="oracle.jrf.toplink" VER="12.2.1.3.0" HOME_IDX="1"/>
         </REF_LIST>
         <FILESIZEINFO/>
      </COMP>
      <COMP NAME="oracle.wls.thirdparty.javax.json" VER="12.2.1.3.0" BUILD_NUMBER="0" REP_VER="0.0.0.0.0" RELEASE="Production" INV_LOC="E:\SamplePOC\Coherence\CoherenceQuick" LANGS="" XML_INV_LOC="Components/oracle.wls.thirdparty.javax.json/12.2.1.3.0/" ACT_INST_VER="13.9.2.0.0" DEINST_VER="11.2.0.0.0" INST_LOC="E:\SamplePOC\Coherence\CoherenceQuick\oracle.wls.thirdparty.javax.json" SOH="T">
         <EXT_NAME>oracle.wls.thirdparty.javax.json</EXT_NAME>
         <DESC/>
         <DESCID>Description</DESCID>
         <STG_INFO OSP_VER="10.2.0.0.0"/>
         <CMP_JAR_INFO>
            <INFO NAME="resourceClass" VAL="Components.oracle.wls.thirdparty.javax.json.v12_2_1_3_0.resources.CompRes"/>
            <INFO NAME="identifiersXML" VAL="Components/oracle/wls/thirdparty/javax/json/v12_2_1_3_0/identifiers.xml"/>
            <INFO NAME="contextClass" VAL="Components.oracle.wls.thirdparty.javax.json.v12_2_1_3_0.CompContext"/>
         </CMP_JAR_INFO>
         <LOC_INFO INST_DFN_LOC="../Scripts" JAR_NAME="install1.jar"/>
         <BOOK NAME=""/>
         <PRE_REQ DEF="T"/>
         <PROD_HOME DEF="T"/>
         <LANG_IDX_MAP>
            <LANG LIST=""/>
         </LANG_IDX_MAP>
         <PLAT_IDX_MAP>
            <PLAT LIST=""/>
         </PLAT_IDX_MAP>
         <DST_IDX_MAP>
            <DST LIST=""/>
         </DST_IDX_MAP>
         <DEP_LIST/>
         <REF_LIST>
            <REF NAME="oracle.wls.thirdparty.javax.json" VER="12.2.1.3.0" HOME_IDX="1"/>
         </REF_LIST>
         <FILESIZEINFO/>
      </COMP>
      <COMP NAME="oracle.jrf.thirdparty.toplink" VER="12.2.1.3.0" BUILD_NUMBER="0" REP_VER="0.0.0.0.0" RELEASE="Production" INV_LOC="E:\SamplePOC\Coherence\CoherenceQuick" LANGS="" XML_INV_LOC="Components/oracle.jrf.thirdparty.toplink/12.2.1.3.0/" ACT_INST_VER="13.9.2.0.0" DEINST_VER="11.2.0.0.0" INST_LOC="E:\SamplePOC\Coherence\CoherenceQuick\oracle.jrf.thirdparty.toplink" SOH="T">
         <EXT_NAME>oracle.jrf.thirdparty.toplink</EXT_NAME>
         <DESC/>
         <DESCID>Description</DESCID>
         <STG_INFO OSP_VER="10.2.0.0.0"/>
         <CMP_JAR_INFO>
            <INFO NAME="resourceClass" VAL="Components.oracle.jrf.thirdparty.toplink.v12_2_1_3_0.resources.CompRes"/>
            <INFO NAME="identifiersXML" VAL="Components/oracle/jrf/thirdparty/toplink/v12_2_1_3_0/identifiers.xml"/>
            <INFO NAME="contextClass" VAL="Components.oracle.jrf.thirdparty.toplink.v12_2_1_3_0.CompContext"/>
         </CMP_JAR_INFO>
         <LOC_INFO INST_DFN_LOC="../Scripts" JAR_NAME="install1.jar"/>
         <BOOK NAME=""/>
         <PRE_REQ DEF="T"/>
         <PROD_HOME DEF="T"/>
         <LANG_IDX_MAP>
            <LANG LIST=""/>
         </LANG_IDX_MAP>
         <PLAT_IDX_MAP>
            <PLAT LIST=""/>
         </PLAT_IDX_MAP>
         <DST_IDX_MAP>
            <DST LIST=""/>
         </DST_IDX_MAP>
         <DEP_LIST/>
         <REF_LIST>
            <REF NAME="oracle.jrf.thirdparty.toplink" VER="12.2.1.3.0" HOME_IDX="1"/>
         </REF_LIST>
         <FILESIZEINFO/>
      </COMP>
      <COMP NAME="oracle.glcm.opatchauto.core" VER="13.9.2.0.0" BUILD_NUMBER="0" REP_VER="0.0.0.0.0" RELEASE="Production" INV_LOC="E:\SamplePOC\Coherence\CoherenceQuick" LANGS="" XML_INV_LOC="Components/oracle.glcm.opatchauto.core/13.9.2.0.0/" ACT_INST_VER="13.9.2.0.0" DEINST_VER="11.2.0.0.0" INST_LOC="E:\SamplePOC\Coherence\CoherenceQuick\oracle.glcm.opatchauto.core" SOH="T">
         <EXT_NAME>oracle.glcm.opatchauto.core</EXT_NAME>
         <DESC/>
         <DESCID>Description</DESCID>
         <STG_INFO OSP_VER="10.2.0.0.0"/>
         <CMP_JAR_INFO>
            <INFO NAME="resourceClass" VAL="Components.oracle.glcm.opatchauto.core.v13_9_2_0_0.resources.CompRes"/>
            <INFO NAME="identifiersXML" VAL="Components/oracle/glcm/opatchauto/core/v13_9_2_0_0/identifiers.xml"/>
            <INFO NAME="contextClass" VAL="Components.oracle.glcm.opatchauto.core.v13_9_2_0_0.CompContext"/>
         </CMP_JAR_INFO>
         <LOC_INFO INST_DFN_LOC="../Scripts" JAR_NAME="install1.jar"/>
         <BOOK NAME=""/>
         <PRE_REQ DEF="T"/>
         <PROD_HOME DEF="T"/>
         <LANG_IDX_MAP>
            <LANG LIST=""/>
         </LANG_IDX_MAP>
         <PLAT_IDX_MAP>
            <PLAT LIST=""/>
         </PLAT_IDX_MAP>
         <DST_IDX_MAP>
            <DST LIST=""/>
         </DST_IDX_MAP>
         <DEP_LIST/>
         <REF_LIST>
            <REF NAME="oracle.glcm.opatchauto.core" VER="13.9.2.0.0" HOME_IDX="1"/>
         </REF_LIST>
         <FILESIZEINFO/>
      </COMP>
      <COMP NAME="oracle.as.install.coherence" VER="12.2.1.3.0" BUILD_NUMBER="0" REP_VER="0.0.0.0.0" RELEASE="Production" INV_LOC="E:\SamplePOC\Coherence\CoherenceQuick" LANGS="" XML_INV_LOC="Components/oracle.as.install.coherence/12.2.1.3.0/" ACT_INST_VER="13.9.2.0.0" DEINST_VER="11.2.0.0.0" INST_LOC="E:\SamplePOC\Coherence\CoherenceQuick\oracle.as.install.coherence" SOH="T">
         <EXT_NAME>oracle.as.install.coherence</EXT_NAME>
         <DESC/>
         <DESCID>Description</DESCID>
         <STG_INFO OSP_VER="10.2.0.0.0"/>
         <CMP_JAR_INFO>
            <INFO NAME="resourceClass" VAL="Components.oracle.as.install.coherence.v12_2_1_3_0.resources.CompRes"/>
            <INFO NAME="identifiersXML" VAL="Components/oracle/as/install/coherence/v12_2_1_3_0/identifiers.xml"/>
            <INFO NAME="contextClass" VAL="Components.oracle.as.install.coherence.v12_2_1_3_0.CompContext"/>
         </CMP_JAR_INFO>
         <LOC_INFO INST_DFN_LOC="../Scripts" JAR_NAME="install1.jar"/>
         <BOOK NAME=""/>
         <PRE_REQ DEF="T"/>
         <PROD_HOME DEF="T"/>
         <LANG_IDX_MAP>
            <LANG LIST=""/>
         </LANG_IDX_MAP>
         <PLAT_IDX_MAP>
            <PLAT LIST=""/>
         </PLAT_IDX_MAP>
         <DST_IDX_MAP>
            <DST LIST=""/>
         </DST_IDX_MAP>
         <DEP_LIST/>
         <REF_LIST>
            <REF NAME="oracle.as.install.coherence" VER="12.2.1.3.0" HOME_IDX="1"/>
         </REF_LIST>
         <FILESIZEINFO/>
      </COMP>
      <COMP NAME="oracle.as.install.coherence.prerequisite" VER="12.2.1.3.0" BUILD_NUMBER="0" REP_VER="0.0.0.0.0" RELEASE="Production" INV_LOC="E:\SamplePOC\Coherence\CoherenceQuick" LANGS="" XML_INV_LOC="Components/oracle.as.install.coherence.prerequisite/12.2.1.3.0/" ACT_INST_VER="13.9.2.0.0" DEINST_VER="11.2.0.0.0" INST_LOC="E:\SamplePOC\Coherence\CoherenceQuick\oracle.as.install.coherence.prerequisite" SOH="T">
         <EXT_NAME>oracle.as.install.coherence.prerequisite</EXT_NAME>
         <DESC/>
         <DESCID>Description</DESCID>
         <STG_INFO OSP_VER="10.2.0.0.0"/>
         <CMP_JAR_INFO>
            <INFO NAME="resourceClass" VAL="Components.oracle.as.install.coherence.prerequisite.v12_2_1_3_0.resources.CompRes"/>
            <INFO NAME="identifiersXML" VAL="Components/oracle/as/install/coherence/prerequisite/v12_2_1_3_0/identifiers.xml"/>
            <INFO NAME="contextClass" VAL="Components.oracle.as.install.coherence.prerequisite.v12_2_1_3_0.CompContext"/>
         </CMP_JAR_INFO>
         <LOC_INFO INST_DFN_LOC="../Scripts" JAR_NAME="install1.jar"/>
         <BOOK NAME=""/>
         <PRE_REQ DEF="T"/>
         <PROD_HOME DEF="T"/>
         <LANG_IDX_MAP>
            <LANG LIST=""/>
         </LANG_IDX_MAP>
         <PLAT_IDX_MAP>
            <PLAT LIST=""/>
         </PLAT_IDX_MAP>
         <DST_IDX_MAP>
            <DST LIST=""/>
         </DST_IDX_MAP>
         <DEP_LIST/>
         <REF_LIST>
            <REF NAME="oracle.as.install.coherence.prerequisite" VER="12.2.1.3.0" HOME_IDX="1"/>
         </REF_LIST>
         <FILESIZEINFO/>
      </COMP>
      <COMP NAME="oracle.as.install.common.help" VER="12.2.1.3.0" BUILD_NUMBER="0" REP_VER="0.0.0.0.0" RELEASE="Production" INV_LOC="E:\SamplePOC\Coherence\CoherenceQuick" LANGS="" XML_INV_LOC="Components/oracle.as.install.common.help/12.2.1.3.0/" ACT_INST_VER="13.9.2.0.0" DEINST_VER="11.2.0.0.0" INST_LOC="E:\SamplePOC\Coherence\CoherenceQuick\oracle.as.install.common.help" SOH="T">
         <EXT_NAME>oracle.as.install.common.help</EXT_NAME>
         <DESC/>
         <DESCID>Description</DESCID>
         <STG_INFO OSP_VER="10.2.0.0.0"/>
         <CMP_JAR_INFO>
            <INFO NAME="resourceClass" VAL="Components.oracle.as.install.common.help.v12_2_1_3_0.resources.CompRes"/>
            <INFO NAME="identifiersXML" VAL="Components/oracle/as/install/common/help/v12_2_1_3_0/identifiers.xml"/>
            <INFO NAME="contextClass" VAL="Components.oracle.as.install.common.help.v12_2_1_3_0.CompContext"/>
         </CMP_JAR_INFO>
         <LOC_INFO INST_DFN_LOC="../Scripts" JAR_NAME="install1.jar"/>
         <BOOK NAME=""/>
         <PRE_REQ DEF="T"/>
         <PROD_HOME DEF="T"/>
         <LANG_IDX_MAP>
            <LANG LIST=""/>
         </LANG_IDX_MAP>
         <PLAT_IDX_MAP>
            <PLAT LIST=""/>
         </PLAT_IDX_MAP>
         <DST_IDX_MAP>
            <DST LIST=""/>
         </DST_IDX_MAP>
         <DEP_LIST/>
         <REF_LIST>
            <REF NAME="oracle.as.install.common.help" VER="12.2.1.3.0" HOME_IDX="1"/>
         </REF_LIST>
         <FILESIZEINFO/>
      </COMP>
      <COMP NAME="oracle.as.install.common.prerequisite.files" VER="12.2.1.3.0" BUILD_NUMBER="0" REP_VER="0.0.0.0.0" RELEASE="Production" INV_LOC="E:\SamplePOC\Coherence\CoherenceQuick" LANGS="" XML_INV_LOC="Components/oracle.as.install.common.prerequisite.files/12.2.1.3.0/" ACT_INST_VER="13.9.2.0.0" DEINST_VER="11.2.0.0.0" INST_LOC="E:\SamplePOC\Coherence\CoherenceQuick\oracle.as.install.common.prerequisite.files" SOH="T">
         <EXT_NAME>oracle.as.install.common.prerequisite.files</EXT_NAME>
         <DESC/>
         <DESCID>Description</DESCID>
         <STG_INFO OSP_VER="10.2.0.0.0"/>
         <CMP_JAR_INFO>
            <INFO NAME="resourceClass" VAL="Components.oracle.as.install.common.prerequisite.files.v12_2_1_3_0.resources.CompRes"/>
            <INFO NAME="identifiersXML" VAL="Components/oracle/as/install/common/prerequisite/files/v12_2_1_3_0/identifiers.xml"/>
            <INFO NAME="contextClass" VAL="Components.oracle.as.install.common.prerequisite.files.v12_2_1_3_0.CompContext"/>
         </CMP_JAR_INFO>
         <LOC_INFO INST_DFN_LOC="../Scripts" JAR_NAME="install1.jar"/>
         <BOOK NAME=""/>
         <PRE_REQ DEF="T"/>
         <PROD_HOME DEF="T"/>
         <LANG_IDX_MAP>
            <LANG LIST=""/>
         </LANG_IDX_MAP>
         <PLAT_IDX_MAP>
            <PLAT LIST=""/>
         </PLAT_IDX_MAP>
         <DST_IDX_MAP>
            <DST LIST=""/>
         </DST_IDX_MAP>
         <DEP_LIST/>
         <REF_LIST>
            <REF NAME="oracle.as.install.common.prerequisite.files" VER="12.2.1.3.0" HOME_IDX="1"/>
         </REF_LIST>
         <FILESIZEINFO/>
      </COMP>
      <COMP NAME="oracle.as.install.ui.framework" VER="12.2.1.3.0" BUILD_NUMBER="0" REP_VER="0.0.0.0.0" RELEASE="Production" INV_LOC="E:\SamplePOC\Coherence\CoherenceQuick" LANGS="" XML_INV_LOC="Components/oracle.as.install.ui.framework/12.2.1.3.0/" ACT_INST_VER="13.9.2.0.0" DEINST_VER="11.2.0.0.0" INST_LOC="E:\SamplePOC\Coherence\CoherenceQuick\oracle.as.install.ui.framework" SOH="T">
         <EXT_NAME>oracle.as.install.ui.framework</EXT_NAME>
         <DESC/>
         <DESCID>Description</DESCID>
         <STG_INFO OSP_VER="10.2.0.0.0"/>
         <CMP_JAR_INFO>
            <INFO NAME="resourceClass" VAL="Components.oracle.as.install.ui.framework.v12_2_1_3_0.resources.CompRes"/>
            <INFO NAME="identifiersXML" VAL="Components/oracle/as/install/ui/framework/v12_2_1_3_0/identifiers.xml"/>
            <INFO NAME="contextClass" VAL="Components.oracle.as.install.ui.framework.v12_2_1_3_0.CompContext"/>
         </CMP_JAR_INFO>
         <LOC_INFO INST_DFN_LOC="../Scripts" JAR_NAME="install1.jar"/>
         <BOOK NAME=""/>
         <PRE_REQ DEF="T"/>
         <PROD_HOME DEF="T"/>
         <LANG_IDX_MAP>
            <LANG LIST=""/>
         </LANG_IDX_MAP>
         <PLAT_IDX_MAP>
            <PLAT LIST=""/>
         </PLAT_IDX_MAP>
         <DST_IDX_MAP>
            <DST LIST=""/>
         </DST_IDX_MAP>
         <DEP_LIST/>
         <REF_LIST>
            <REF NAME="oracle.as.install.ui.framework" VER="12.2.1.3.0" HOME_IDX="1"/>
         </REF_LIST>
         <FILESIZEINFO/>
      </COMP>
      <COMP NAME="oracle.swd.opatch" VER="13.9.2.0.0" BUILD_NUMBER="0" REP_VER="0.0.0.0.0" RELEASE="Production" INV_LOC="E:\SamplePOC\Coherence\CoherenceQuick" LANGS="" XML_INV_LOC="Components/oracle.swd.opatch/13.9.2.0.0/" ACT_INST_VER="13.9.2.0.0" DEINST_VER="11.2.0.0.0" INST_LOC="E:\SamplePOC\Coherence\CoherenceQuick\oracle.swd.opatch" SOH="T">
         <EXT_NAME>oracle.swd.opatch</EXT_NAME>
         <DESC/>
         <DESCID>Description</DESCID>
         <STG_INFO OSP_VER="10.2.0.0.0"/>
         <CMP_JAR_INFO>
            <INFO NAME="resourceClass" VAL="Components.oracle.swd.opatch.v13_9_2_0_0.resources.CompRes"/>
            <INFO NAME="identifiersXML" VAL="Components/oracle/swd/opatch/v13_9_2_0_0/identifiers.xml"/>
            <INFO NAME="contextClass" VAL="Components.oracle.swd.opatch.v13_9_2_0_0.CompContext"/>
         </CMP_JAR_INFO>
         <LOC_INFO INST_DFN_LOC="../Scripts" JAR_NAME="install1.jar"/>
         <BOOK NAME=""/>
         <PRE_REQ DEF="T"/>
         <PROD_HOME DEF="T"/>
         <LANG_IDX_MAP>
            <LANG LIST=""/>
         </LANG_IDX_MAP>
         <PLAT_IDX_MAP>
            <PLAT LIST=""/>
         </PLAT_IDX_MAP>
         <DST_IDX_MAP>
            <DST LIST=""/>
         </DST_IDX_MAP>
         <DEP_LIST/>
         <REF_LIST>
            <REF NAME="oracle.swd.opatch" VER="13.9.2.0.0" HOME_IDX="1"/>
         </REF_LIST>
         <FILESIZEINFO/>
      </COMP>
      <COMP NAME="oracle.nginst.thirdparty" VER="13.9.2.0.0" BUILD_NUMBER="0" REP_VER="0.0.0.0.0" RELEASE="Production" INV_LOC="E:\SamplePOC\Coherence\CoherenceQuick" LANGS="" XML_INV_LOC="Components/oracle.nginst.thirdparty/13.9.2.0.0/" ACT_INST_VER="13.9.2.0.0" DEINST_VER="11.2.0.0.0" INST_LOC="E:\SamplePOC\Coherence\CoherenceQuick\oracle.nginst.thirdparty" SOH="T">
         <EXT_NAME>oracle.nginst.thirdparty</EXT_NAME>
         <DESC/>
         <DESCID>Description</DESCID>
         <STG_INFO OSP_VER="10.2.0.0.0"/>
         <CMP_JAR_INFO>
            <INFO NAME="resourceClass" VAL="Components.oracle.nginst.thirdparty.v13_9_2_0_0.resources.CompRes"/>
            <INFO NAME="identifiersXML" VAL="Components/oracle/nginst/thirdparty/v13_9_2_0_0/identifiers.xml"/>
            <INFO NAME="contextClass" VAL="Components.oracle.nginst.thirdparty.v13_9_2_0_0.CompContext"/>
         </CMP_JAR_INFO>
         <LOC_INFO INST_DFN_LOC="../Scripts" JAR_NAME="install1.jar"/>
         <BOOK NAME=""/>
         <PRE_REQ DEF="T"/>
         <PROD_HOME DEF="T"/>
         <LANG_IDX_MAP>
            <LANG LIST=""/>
         </LANG_IDX_MAP>
         <PLAT_IDX_MAP>
            <PLAT LIST=""/>
         </PLAT_IDX_MAP>
         <DST_IDX_MAP>
            <DST LIST=""/>
         </DST_IDX_MAP>
         <DEP_LIST/>
         <REF_LIST>
            <REF NAME="oracle.nginst.thirdparty" VER="13.9.2.0.0" HOME_IDX="1"/>
         </REF_LIST>
         <FILESIZEINFO/>
      </COMP>
      <COMP NAME="oracle.nginst.core" VER="13.9.2.0.0" BUILD_NUMBER="0" REP_VER="0.0.0.0.0" RELEASE="Production" INV_LOC="E:\SamplePOC\Coherence\CoherenceQuick" LANGS="" XML_INV_LOC="Components/oracle.nginst.core/13.9.2.0.0/" ACT_INST_VER="13.9.2.0.0" DEINST_VER="11.2.0.0.0" INST_LOC="E:\SamplePOC\Coherence\CoherenceQuick\oracle.nginst.core" SOH="T">
         <EXT_NAME>oracle.nginst.core</EXT_NAME>
         <DESC/>
         <DESCID>Description</DESCID>
         <STG_INFO OSP_VER="10.2.0.0.0"/>
         <CMP_JAR_INFO>
            <INFO NAME="resourceClass" VAL="Components.oracle.nginst.core.v13_9_2_0_0.resources.CompRes"/>
            <INFO NAME="identifiersXML" VAL="Components/oracle/nginst/core/v13_9_2_0_0/identifiers.xml"/>
            <INFO NAME="actionsClass" VAL="Components.oracle.nginst.core.v13_9_2_0_0.CompActions"/>
            <INFO NAME="contextClass" VAL="Components.oracle.nginst.core.v13_9_2_0_0.CompContext"/>
         </CMP_JAR_INFO>
         <LOC_INFO INST_DFN_LOC="../Scripts" JAR_NAME="install1.jar"/>
         <BOOK NAME=""/>
         <PRE_REQ DEF="T"/>
         <PROD_HOME DEF="T"/>
         <LANG_IDX_MAP>
            <LANG LIST=""/>
         </LANG_IDX_MAP>
         <PLAT_IDX_MAP>
            <PLAT LIST=""/>
         </PLAT_IDX_MAP>
         <DST_IDX_MAP>
            <DST LIST=""/>
         </DST_IDX_MAP>
         <DEP_LIST/>
         <REF_LIST>
            <REF NAME="oracle.nginst.core" VER="13.9.2.0.0" HOME_IDX="1"/>
         </REF_LIST>
         <FILESIZEINFO/>
      </COMP>
      <COMP NAME="oracle.nginst.common" VER="13.9.2.0.0" BUILD_NUMBER="0" REP_VER="0.0.0.0.0" RELEASE="Production" INV_LOC="E:\SamplePOC\Coherence\CoherenceQuick" LANGS="" XML_INV_LOC="Components/oracle.nginst.common/13.9.2.0.0/" ACT_INST_VER="13.9.2.0.0" DEINST_VER="11.2.0.0.0" INST_LOC="E:\SamplePOC\Coherence\CoherenceQuick\oracle.nginst.common" SOH="T">
         <EXT_NAME>oracle.nginst.common</EXT_NAME>
         <DESC/>
         <DESCID>Description</DESCID>
         <STG_INFO OSP_VER="10.2.0.0.0"/>
         <CMP_JAR_INFO>
            <INFO NAME="resourceClass" VAL="Components.oracle.nginst.common.v13_9_2_0_0.resources.CompRes"/>
            <INFO NAME="identifiersXML" VAL="Components/oracle/nginst/common/v13_9_2_0_0/identifiers.xml"/>
            <INFO NAME="actionsClass" VAL="Components.oracle.nginst.common.v13_9_2_0_0.CompActions"/>
            <INFO NAME="contextClass" VAL="Components.oracle.nginst.common.v13_9_2_0_0.CompContext"/>
         </CMP_JAR_INFO>
         <LOC_INFO INST_DFN_LOC="../Scripts" JAR_NAME="install1.jar"/>
         <BOOK NAME=""/>
         <PRE_REQ DEF="T"/>
         <PROD_HOME DEF="T"/>
         <LANG_IDX_MAP>
            <LANG LIST=""/>
         </LANG_IDX_MAP>
         <PLAT_IDX_MAP>
            <PLAT LIST=""/>
         </PLAT_IDX_MAP>
         <DST_IDX_MAP>
            <DST LIST=""/>
         </DST_IDX_MAP>
         <DEP_LIST/>
         <REF_LIST>
            <REF NAME="oracle.nginst.common" VER="13.9.2.0.0" HOME_IDX="1"/>
         </REF_LIST>
         <FILESIZEINFO/>
      </COMP>
      <COMP NAME="oracle.glcm.opatch.common.api" VER="13.9.2.0.0" BUILD_NUMBER="0" REP_VER="0.0.0.0.0" RELEASE="Production" INV_LOC="E:\SamplePOC\Coherence\CoherenceQuick" LANGS="" XML_INV_LOC="Components/oracle.glcm.opatch.common.api/13.9.2.0.0/" ACT_INST_VER="13.9.2.0.0" DEINST_VER="11.2.0.0.0" INST_LOC="E:\SamplePOC\Coherence\CoherenceQuick\oracle.glcm.opatch.common.api" SOH="T">
         <EXT_NAME>oracle.glcm.opatch.common.api</EXT_NAME>
         <DESC/>
         <DESCID>Description</DESCID>
         <STG_INFO OSP_VER="10.2.0.0.0"/>
         <CMP_JAR_INFO>
            <INFO NAME="resourceClass" VAL="Components.oracle.glcm.opatch.common.api.v13_9_2_0_0.resources.CompRes"/>
            <INFO NAME="identifiersXML" VAL="Components/oracle/glcm/opatch/common/api/v13_9_2_0_0/identifiers.xml"/>
            <INFO NAME="contextClass" VAL="Components.oracle.glcm.opatch.common.api.v13_9_2_0_0.CompContext"/>
         </CMP_JAR_INFO>
         <LOC_INFO INST_DFN_LOC="../Scripts" JAR_NAME="install1.jar"/>
         <BOOK NAME=""/>
         <PRE_REQ DEF="T"/>
         <PROD_HOME DEF="T"/>
         <LANG_IDX_MAP>
            <LANG LIST=""/>
         </LANG_IDX_MAP>
         <PLAT_IDX_MAP>
            <PLAT LIST=""/>
         </PLAT_IDX_MAP>
         <DST_IDX_MAP>
            <DST LIST=""/>
         </DST_IDX_MAP>
         <DEP_LIST/>
         <REF_LIST>
            <REF NAME="oracle.glcm.opatch.common.api" VER="13.9.2.0.0" HOME_IDX="1"/>
         </REF_LIST>
         <FILESIZEINFO/>
      </COMP>
      <COMP NAME="oracle.xdk.jrf.xmlparserv2" VER="12.2.1.3.0" BUILD_NUMBER="0" REP_VER="0.0.0.0.0" RELEASE="Production" INV_LOC="E:\SamplePOC\Coherence\CoherenceQuick" LANGS="" XML_INV_LOC="Components/oracle.xdk.jrf.xmlparserv2/12.2.1.3.0/" ACT_INST_VER="13.9.2.0.0" DEINST_VER="11.2.0.0.0" INST_LOC="E:\SamplePOC\Coherence\CoherenceQuick\oracle.xdk.jrf.xmlparserv2" SOH="T">
         <EXT_NAME>oracle.xdk.jrf.xmlparserv2</EXT_NAME>
         <DESC/>
         <DESCID>Description</DESCID>
         <STG_INFO OSP_VER="10.2.0.0.0"/>
         <CMP_JAR_INFO>
            <INFO NAME="resourceClass" VAL="Components.oracle.xdk.jrf.xmlparserv2.v12_2_1_3_0.resources.CompRes"/>
            <INFO NAME="identifiersXML" VAL="Components/oracle/xdk/jrf/xmlparserv2/v12_2_1_3_0/identifiers.xml"/>
            <INFO NAME="contextClass" VAL="Components.oracle.xdk.jrf.xmlparserv2.v12_2_1_3_0.CompContext"/>
         </CMP_JAR_INFO>
         <LOC_INFO INST_DFN_LOC="../Scripts" JAR_NAME="install1.jar"/>
         <BOOK NAME=""/>
         <PRE_REQ DEF="T"/>
         <PROD_HOME DEF="T"/>
         <LANG_IDX_MAP>
            <LANG LIST=""/>
         </LANG_IDX_MAP>
         <PLAT_IDX_MAP>
            <PLAT LIST=""/>
         </PLAT_IDX_MAP>
         <DST_IDX_MAP>
            <DST LIST=""/>
         </DST_IDX_MAP>
         <DEP_LIST/>
         <REF_LIST>
            <REF NAME="oracle.xdk.jrf.xmlparserv2" VER="12.2.1.3.0" HOME_IDX="1"/>
         </REF_LIST>
         <FILESIZEINFO/>
      </COMP>
      <COMP NAME="oracle.glcm.encryption" VER="2.7.2.0.0" BUILD_NUMBER="0" REP_VER="0.0.0.0.0" RELEASE="Production" INV_LOC="E:\SamplePOC\Coherence\CoherenceQuick" LANGS="" XML_INV_LOC="Components/oracle.glcm.encryption/2.7.2.0.0/" ACT_INST_VER="13.9.2.0.0" DEINST_VER="11.2.0.0.0" INST_LOC="E:\SamplePOC\Coherence\CoherenceQuick\oracle.glcm.encryption" SOH="T">
         <EXT_NAME>oracle.glcm.encryption</EXT_NAME>
         <DESC/>
         <DESCID>Description</DESCID>
         <STG_INFO OSP_VER="10.2.0.0.0"/>
         <CMP_JAR_INFO>
            <INFO NAME="resourceClass" VAL="Components.oracle.glcm.encryption.v2_7_2_0_0.resources.CompRes"/>
            <INFO NAME="identifiersXML" VAL="Components/oracle/glcm/encryption/v2_7_2_0_0/identifiers.xml"/>
            <INFO NAME="contextClass" VAL="Components.oracle.glcm.encryption.v2_7_2_0_0.CompContext"/>
         </CMP_JAR_INFO>
         <LOC_INFO INST_DFN_LOC="../Scripts" JAR_NAME="install1.jar"/>
         <BOOK NAME=""/>
         <PRE_REQ DEF="T"/>
         <PROD_HOME DEF="T"/>
         <LANG_IDX_MAP>
            <LANG LIST=""/>
         </LANG_IDX_MAP>
         <PLAT_IDX_MAP>
            <PLAT LIST=""/>
         </PLAT_IDX_MAP>
         <DST_IDX_MAP>
            <DST LIST=""/>
         </DST_IDX_MAP>
         <DEP_LIST/>
         <REF_LIST>
            <REF NAME="oracle.glcm.encryption" VER="2.7.2.0.0" HOME_IDX="1"/>
         </REF_LIST>
         <FILESIZEINFO/>
      </COMP>
      <COMP NAME="oracle.rsa.crypto" VER="12.2.1.3.0" BUILD_NUMBER="0" REP_VER="0.0.0.0.0" RELEASE="Production" INV_LOC="E:\SamplePOC\Coherence\CoherenceQuick" LANGS="" XML_INV_LOC="Components/oracle.rsa.crypto/12.2.1.3.0/" ACT_INST_VER="13.9.2.0.0" DEINST_VER="11.2.0.0.0" INST_LOC="E:\SamplePOC\Coherence\CoherenceQuick\oracle.rsa.crypto" SOH="T">
         <EXT_NAME>oracle.rsa.crypto</EXT_NAME>
         <DESC/>
         <DESCID>Description</DESCID>
         <STG_INFO OSP_VER="10.2.0.0.0"/>
         <CMP_JAR_INFO>
            <INFO NAME="resourceClass" VAL="Components.oracle.rsa.crypto.v12_2_1_3_0.resources.CompRes"/>
            <INFO NAME="identifiersXML" VAL="Components/oracle/rsa/crypto/v12_2_1_3_0/identifiers.xml"/>
            <INFO NAME="contextClass" VAL="Components.oracle.rsa.crypto.v12_2_1_3_0.CompContext"/>
         </CMP_JAR_INFO>
         <LOC_INFO INST_DFN_LOC="../Scripts" JAR_NAME="install1.jar"/>
         <BOOK NAME=""/>
         <PRE_REQ DEF="T"/>
         <PROD_HOME DEF="T"/>
         <LANG_IDX_MAP>
            <LANG LIST=""/>
         </LANG_IDX_MAP>
         <PLAT_IDX_MAP>
            <PLAT LIST=""/>
         </PLAT_IDX_MAP>
         <DST_IDX_MAP>
            <DST LIST=""/>
         </DST_IDX_MAP>
         <DEP_LIST/>
         <REF_LIST>
            <REF NAME="oracle.rsa.crypto" VER="12.2.1.3.0" HOME_IDX="1"/>
         </REF_LIST>
         <FILESIZEINFO/>
      </COMP>
      <COMP NAME="oracle.pki" VER="12.2.1.3.0" BUILD_NUMBER="0" REP_VER="0.0.0.0.0" RELEASE="Production" INV_LOC="E:\SamplePOC\Coherence\CoherenceQuick" LANGS="" XML_INV_LOC="Components/oracle.pki/12.2.1.3.0/" ACT_INST_VER="13.9.2.0.0" DEINST_VER="11.2.0.0.0" INST_LOC="E:\SamplePOC\Coherence\CoherenceQuick\oracle.pki" SOH="T">
         <EXT_NAME>oracle.pki</EXT_NAME>
         <DESC/>
         <DESCID>Description</DESCID>
         <STG_INFO OSP_VER="10.2.0.0.0"/>
         <CMP_JAR_INFO>
            <INFO NAME="resourceClass" VAL="Components.oracle.pki.v12_2_1_3_0.resources.CompRes"/>
            <INFO NAME="identifiersXML" VAL="Components/oracle/pki/v12_2_1_3_0/identifiers.xml"/>
            <INFO NAME="contextClass" VAL="Components.oracle.pki.v12_2_1_3_0.CompContext"/>
         </CMP_JAR_INFO>
         <LOC_INFO INST_DFN_LOC="../Scripts" JAR_NAME="install1.jar"/>
         <BOOK NAME=""/>
         <PRE_REQ DEF="T"/>
         <PROD_HOME DEF="T"/>
         <LANG_IDX_MAP>
            <LANG LIST=""/>
         </LANG_IDX_MAP>
         <PLAT_IDX_MAP>
            <PLAT LIST=""/>
         </PLAT_IDX_MAP>
         <DST_IDX_MAP>
            <DST LIST=""/>
         </DST_IDX_MAP>
         <DEP_LIST/>
         <REF_LIST>
            <REF NAME="oracle.pki" VER="12.2.1.3.0" HOME_IDX="1"/>
         </REF_LIST>
         <FILESIZEINFO/>
      </COMP>
      <COMP NAME="oracle.osdt.core" VER="12.2.1.3.0" BUILD_NUMBER="0" REP_VER="0.0.0.0.0" RELEASE="Production" INV_LOC="E:\SamplePOC\Coherence\CoherenceQuick" LANGS="" XML_INV_LOC="Components/oracle.osdt.core/12.2.1.3.0/" ACT_INST_VER="13.9.2.0.0" DEINST_VER="11.2.0.0.0" INST_LOC="E:\SamplePOC\Coherence\CoherenceQuick\oracle.osdt.core" SOH="T">
         <EXT_NAME>oracle.osdt.core</EXT_NAME>
         <DESC/>
         <DESCID>Description</DESCID>
         <STG_INFO OSP_VER="10.2.0.0.0"/>
         <CMP_JAR_INFO>
            <INFO NAME="resourceClass" VAL="Components.oracle.osdt.core.v12_2_1_3_0.resources.CompRes"/>
            <INFO NAME="identifiersXML" VAL="Components/oracle/osdt/core/v12_2_1_3_0/identifiers.xml"/>
            <INFO NAME="contextClass" VAL="Components.oracle.osdt.core.v12_2_1_3_0.CompContext"/>
         </CMP_JAR_INFO>
         <LOC_INFO INST_DFN_LOC="../Scripts" JAR_NAME="install1.jar"/>
         <BOOK NAME=""/>
         <PRE_REQ DEF="T"/>
         <PROD_HOME DEF="T"/>
         <LANG_IDX_MAP>
            <LANG LIST=""/>
         </LANG_IDX_MAP>
         <PLAT_IDX_MAP>
            <PLAT LIST=""/>
         </PLAT_IDX_MAP>
         <DST_IDX_MAP>
            <DST LIST=""/>
         </DST_IDX_MAP>
         <DEP_LIST/>
         <REF_LIST>
            <REF NAME="oracle.osdt.core" VER="12.2.1.3.0" HOME_IDX="1"/>
         </REF_LIST>
         <FILESIZEINFO/>
      </COMP>
      <COMP NAME="oracle.glcm.wizard" VER="7.8.2.0.0" BUILD_NUMBER="0" REP_VER="0.0.0.0.0" RELEASE="Production" INV_LOC="E:\SamplePOC\Coherence\CoherenceQuick" LANGS="" XML_INV_LOC="Components/oracle.glcm.wizard/7.8.2.0.0/" ACT_INST_VER="13.9.2.0.0" DEINST_VER="11.2.0.0.0" INST_LOC="E:\SamplePOC\Coherence\CoherenceQuick\oracle.glcm.wizard" SOH="T">
         <EXT_NAME>oracle.glcm.wizard</EXT_NAME>
         <DESC/>
         <DESCID>Description</DESCID>
         <STG_INFO OSP_VER="10.2.0.0.0"/>
         <CMP_JAR_INFO>
            <INFO NAME="resourceClass" VAL="Components.oracle.glcm.wizard.v7_8_2_0_0.resources.CompRes"/>
            <INFO NAME="identifiersXML" VAL="Components/oracle/glcm/wizard/v7_8_2_0_0/identifiers.xml"/>
            <INFO NAME="contextClass" VAL="Components.oracle.glcm.wizard.v7_8_2_0_0.CompContext"/>
         </CMP_JAR_INFO>
         <LOC_INFO INST_DFN_LOC="../Scripts" JAR_NAME="install1.jar"/>
         <BOOK NAME=""/>
         <PRE_REQ DEF="T"/>
         <PROD_HOME DEF="T"/>
         <LANG_IDX_MAP>
            <LANG LIST=""/>
         </LANG_IDX_MAP>
         <PLAT_IDX_MAP>
            <PLAT LIST=""/>
         </PLAT_IDX_MAP>
         <DST_IDX_MAP>
            <DST LIST=""/>
         </DST_IDX_MAP>
         <DEP_LIST/>
         <REF_LIST>
            <REF NAME="oracle.glcm.wizard" VER="7.8.2.0.0" HOME_IDX="1"/>
         </REF_LIST>
         <FILESIZEINFO/>
      </COMP>
      <COMP NAME="oracle.glcm.xmldh" VER="3.4.2.0.0" BUILD_NUMBER="0" REP_VER="0.0.0.0.0" RELEASE="Production" INV_LOC="E:\SamplePOC\Coherence\CoherenceQuick" LANGS="" XML_INV_LOC="Components/oracle.glcm.xmldh/3.4.2.0.0/" ACT_INST_VER="13.9.2.0.0" DEINST_VER="11.2.0.0.0" INST_LOC="E:\SamplePOC\Coherence\CoherenceQuick\oracle.glcm.xmldh" SOH="T">
         <EXT_NAME>oracle.glcm.xmldh</EXT_NAME>
         <DESC/>
         <DESCID>Description</DESCID>
         <STG_INFO OSP_VER="10.2.0.0.0"/>
         <CMP_JAR_INFO>
            <INFO NAME="resourceClass" VAL="Components.oracle.glcm.xmldh.v3_4_2_0_0.resources.CompRes"/>
            <INFO NAME="identifiersXML" VAL="Components/oracle/glcm/xmldh/v3_4_2_0_0/identifiers.xml"/>
            <INFO NAME="contextClass" VAL="Components.oracle.glcm.xmldh.v3_4_2_0_0.CompContext"/>
         </CMP_JAR_INFO>
         <LOC_INFO INST_DFN_LOC="../Scripts" JAR_NAME="install1.jar"/>
         <BOOK NAME=""/>
         <PRE_REQ DEF="T"/>
         <PROD_HOME DEF="T"/>
         <LANG_IDX_MAP>
            <LANG LIST=""/>
         </LANG_IDX_MAP>
         <PLAT_IDX_MAP>
            <PLAT LIST=""/>
         </PLAT_IDX_MAP>
         <DST_IDX_MAP>
            <DST LIST=""/>
         </DST_IDX_MAP>
         <DEP_LIST/>
         <REF_LIST>
            <REF NAME="oracle.glcm.xmldh" VER="3.4.2.0.0" HOME_IDX="1"/>
         </REF_LIST>
         <FILESIZEINFO/>
      </COMP>
      <COMP NAME="oracle.glcm.dependency" VER="1.8.2.0.0" BUILD_NUMBER="0" REP_VER="0.0.0.0.0" RELEASE="Production" INV_LOC="E:\SamplePOC\Coherence\CoherenceQuick" LANGS="" XML_INV_LOC="Components/oracle.glcm.dependency/1.8.2.0.0/" ACT_INST_VER="13.9.2.0.0" DEINST_VER="11.2.0.0.0" INST_LOC="E:\SamplePOC\Coherence\CoherenceQuick\oracle.glcm.dependency" SOH="T">
         <EXT_NAME>oracle.glcm.dependency</EXT_NAME>
         <DESC/>
         <DESCID>Description</DESCID>
         <STG_INFO OSP_VER="10.2.0.0.0"/>
         <CMP_JAR_INFO>
            <INFO NAME="resourceClass" VAL="Components.oracle.glcm.dependency.v1_8_2_0_0.resources.CompRes"/>
            <INFO NAME="identifiersXML" VAL="Components/oracle/glcm/dependency/v1_8_2_0_0/identifiers.xml"/>
            <INFO NAME="contextClass" VAL="Components.oracle.glcm.dependency.v1_8_2_0_0.CompContext"/>
         </CMP_JAR_INFO>
         <LOC_INFO INST_DFN_LOC="../Scripts" JAR_NAME="install1.jar"/>
         <BOOK NAME=""/>
         <PRE_REQ DEF="T"/>
         <PROD_HOME DEF="T"/>
         <LANG_IDX_MAP>
            <LANG LIST=""/>
         </LANG_IDX_MAP>
         <PLAT_IDX_MAP>
            <PLAT LIST=""/>
         </PLAT_IDX_MAP>
         <DST_IDX_MAP>
            <DST LIST=""/>
         </DST_IDX_MAP>
         <DEP_LIST/>
         <REF_LIST>
            <REF NAME="oracle.glcm.dependency" VER="1.8.2.0.0" HOME_IDX="1"/>
         </REF_LIST>
         <FILESIZEINFO/>
      </COMP>
      <COMP NAME="oracle.glcm.comdev" VER="7.8.2.0.0" BUILD_NUMBER="0" REP_VER="0.0.0.0.0" RELEASE="Production" INV_LOC="E:\SamplePOC\Coherence\CoherenceQuick" LANGS="" XML_INV_LOC="Components/oracle.glcm.comdev/7.8.2.0.0/" ACT_INST_VER="13.9.2.0.0" DEINST_VER="11.2.0.0.0" INST_LOC="E:\SamplePOC\Coherence\CoherenceQuick\oracle.glcm.comdev" SOH="T">
         <EXT_NAME>oracle.glcm.comdev</EXT_NAME>
         <DESC/>
         <DESCID>Description</DESCID>
         <STG_INFO OSP_VER="10.2.0.0.0"/>
         <CMP_JAR_INFO>
            <INFO NAME="resourceClass" VAL="Components.oracle.glcm.comdev.v7_8_2_0_0.resources.CompRes"/>
            <INFO NAME="identifiersXML" VAL="Components/oracle/glcm/comdev/v7_8_2_0_0/identifiers.xml"/>
            <INFO NAME="contextClass" VAL="Components.oracle.glcm.comdev.v7_8_2_0_0.CompContext"/>
         </CMP_JAR_INFO>
         <LOC_INFO INST_DFN_LOC="../Scripts" JAR_NAME="install1.jar"/>
         <BOOK NAME=""/>
         <PRE_REQ DEF="T"/>
         <PROD_HOME DEF="T"/>
         <LANG_IDX_MAP>
            <LANG LIST=""/>
         </LANG_IDX_MAP>
         <PLAT_IDX_MAP>
            <PLAT LIST=""/>
         </PLAT_IDX_MAP>
         <DST_IDX_MAP>
            <DST LIST=""/>
         </DST_IDX_MAP>
         <DEP_LIST/>
         <REF_LIST>
            <REF NAME="oracle.glcm.comdev" VER="7.8.2.0.0" HOME_IDX="1"/>
         </REF_LIST>
         <FILESIZEINFO/>
      </COMP>
      <COMP NAME="oracle.glcm.logging" VER="1.6.2.0.0" BUILD_NUMBER="0" REP_VER="0.0.0.0.0" RELEASE="Production" INV_LOC="E:\SamplePOC\Coherence\CoherenceQuick" LANGS="" XML_INV_LOC="Components/oracle.glcm.logging/1.6.2.0.0/" ACT_INST_VER="13.9.2.0.0" DEINST_VER="11.2.0.0.0" INST_LOC="E:\SamplePOC\Coherence\CoherenceQuick\oracle.glcm.logging" SOH="T">
         <EXT_NAME>oracle.glcm.logging</EXT_NAME>
         <DESC/>
         <DESCID>Description</DESCID>
         <STG_INFO OSP_VER="10.2.0.0.0"/>
         <CMP_JAR_INFO>
            <INFO NAME="resourceClass" VAL="Components.oracle.glcm.logging.v1_6_2_0_0.resources.CompRes"/>
            <INFO NAME="identifiersXML" VAL="Components/oracle/glcm/logging/v1_6_2_0_0/identifiers.xml"/>
            <INFO NAME="contextClass" VAL="Components.oracle.glcm.logging.v1_6_2_0_0.CompContext"/>
         </CMP_JAR_INFO>
         <LOC_INFO INST_DFN_LOC="../Scripts" JAR_NAME="install1.jar"/>
         <BOOK NAME=""/>
         <PRE_REQ DEF="T"/>
         <PROD_HOME DEF="T"/>
         <LANG_IDX_MAP>
            <LANG LIST=""/>
         </LANG_IDX_MAP>
         <PLAT_IDX_MAP>
            <PLAT LIST=""/>
         </PLAT_IDX_MAP>
         <DST_IDX_MAP>
            <DST LIST=""/>
         </DST_IDX_MAP>
         <DEP_LIST/>
         <REF_LIST>
            <REF NAME="oracle.glcm.logging" VER="1.6.2.0.0" HOME_IDX="1"/>
         </REF_LIST>
         <FILESIZEINFO/>
      </COMP>
      <COMP NAME="oracle.nlsoramapping.jrf" VER="12.2.0.1.0" BUILD_NUMBER="0" REP_VER="0.0.0.0.0" RELEASE="Production" INV_LOC="E:\SamplePOC\Coherence\CoherenceQuick" LANGS="" XML_INV_LOC="Components/oracle.nlsoramapping.jrf/12.2.0.1.0/" ACT_INST_VER="13.9.2.0.0" DEINST_VER="11.2.0.0.0" INST_LOC="E:\SamplePOC\Coherence\CoherenceQuick\oracle.nlsoramapping.jrf" SOH="T">
         <EXT_NAME>oracle.nlsoramapping.jrf</EXT_NAME>
         <DESC/>
         <DESCID>Description</DESCID>
         <STG_INFO OSP_VER="10.2.0.0.0"/>
         <CMP_JAR_INFO>
            <INFO NAME="resourceClass" VAL="Components.oracle.nlsoramapping.jrf.v12_2_0_1_0.resources.CompRes"/>
            <INFO NAME="identifiersXML" VAL="Components/oracle/nlsoramapping/jrf/v12_2_0_1_0/identifiers.xml"/>
            <INFO NAME="contextClass" VAL="Components.oracle.nlsoramapping.jrf.v12_2_0_1_0.CompContext"/>
         </CMP_JAR_INFO>
         <LOC_INFO INST_DFN_LOC="../Scripts" JAR_NAME="install1.jar"/>
         <BOOK NAME=""/>
         <PRE_REQ DEF="T"/>
         <PROD_HOME DEF="T"/>
         <LANG_IDX_MAP>
            <LANG LIST=""/>
         </LANG_IDX_MAP>
         <PLAT_IDX_MAP>
            <PLAT LIST=""/>
         </PLAT_IDX_MAP>
         <DST_IDX_MAP>
            <DST LIST=""/>
         </DST_IDX_MAP>
         <DEP_LIST/>
         <REF_LIST>
            <REF NAME="oracle.nlsoramapping.jrf" VER="12.2.0.1.0" HOME_IDX="1"/>
         </REF_LIST>
         <FILESIZEINFO/>
      </COMP>
      <COMP NAME="oracle.java.xml.bind" VER="2.3.0.0.0" BUILD_NUMBER="0" REP_VER="0.0.0.0.0" RELEASE="Production" INV_LOC="E:\SamplePOC\Coherence\CoherenceQuick" LANGS="" XML_INV_LOC="Components/oracle.java.xml.bind/2.3.0.0.0/" ACT_INST_VER="13.9.2.0.0" DEINST_VER="11.2.0.0.0" INST_LOC="E:\SamplePOC\Coherence\CoherenceQuick\oracle.java.xml.bind" SOH="T">
         <EXT_NAME>oracle.java.xml.bind</EXT_NAME>
         <DESC/>
         <DESCID>Description</DESCID>
         <STG_INFO OSP_VER="10.2.0.0.0"/>
         <CMP_JAR_INFO>
            <INFO NAME="resourceClass" VAL="Components.oracle.java.xml.bind.v2_3_0_0_0.resources.CompRes"/>
            <INFO NAME="identifiersXML" VAL="Components/oracle/java/xml/bind/v2_3_0_0_0/identifiers.xml"/>
            <INFO NAME="contextClass" VAL="Components.oracle.java.xml.bind.v2_3_0_0_0.CompContext"/>
         </CMP_JAR_INFO>
         <LOC_INFO INST_DFN_LOC="../Scripts" JAR_NAME="install1.jar"/>
         <BOOK NAME=""/>
         <PRE_REQ DEF="T"/>
         <PROD_HOME DEF="T"/>
         <LANG_IDX_MAP>
            <LANG LIST=""/>
         </LANG_IDX_MAP>
         <PLAT_IDX_MAP>
            <PLAT LIST=""/>
         </PLAT_IDX_MAP>
         <DST_IDX_MAP>
            <DST LIST=""/>
         </DST_IDX_MAP>
         <DEP_LIST/>
         <REF_LIST>
            <REF NAME="oracle.java.xml.bind" VER="2.3.0.0.0" HOME_IDX="1"/>
         </REF_LIST>
         <FILESIZEINFO/>
      </COMP>
      <COMP NAME="oracle.java.activation" VER="12.2.1.3.0" BUILD_NUMBER="0" REP_VER="0.0.0.0.0" RELEASE="Production" INV_LOC="E:\SamplePOC\Coherence\CoherenceQuick" LANGS="" XML_INV_LOC="Components/oracle.java.activation/12.2.1.3.0/" ACT_INST_VER="13.9.2.0.0" DEINST_VER="11.2.0.0.0" INST_LOC="E:\SamplePOC\Coherence\CoherenceQuick\oracle.java.activation" SOH="T">
         <EXT_NAME>oracle.java.activation</EXT_NAME>
         <DESC/>
         <DESCID>Description</DESCID>
         <STG_INFO OSP_VER="10.2.0.0.0"/>
         <CMP_JAR_INFO>
            <INFO NAME="resourceClass" VAL="Components.oracle.java.activation.v12_2_1_3_0.resources.CompRes"/>
            <INFO NAME="identifiersXML" VAL="Components/oracle/java/activation/v12_2_1_3_0/identifiers.xml"/>
            <INFO NAME="contextClass" VAL="Components.oracle.java.activation.v12_2_1_3_0.CompContext"/>
         </CMP_JAR_INFO>
         <LOC_INFO INST_DFN_LOC="../Scripts" JAR_NAME="install1.jar"/>
         <BOOK NAME=""/>
         <PRE_REQ DEF="T"/>
         <PROD_HOME DEF="T"/>
         <LANG_IDX_MAP>
            <LANG LIST=""/>
         </LANG_IDX_MAP>
         <PLAT_IDX_MAP>
            <PLAT LIST=""/>
         </PLAT_IDX_MAP>
         <DST_IDX_MAP>
            <DST LIST=""/>
         </DST_IDX_MAP>
         <DEP_LIST/>
         <REF_LIST>
            <REF NAME="oracle.java.activation" VER="12.2.1.3.0" HOME_IDX="1"/>
         </REF_LIST>
         <FILESIZEINFO/>
      </COMP>
      <COMP NAME="oracle.jaxb.core" VER="2.3.0.0.0" BUILD_NUMBER="0" REP_VER="0.0.0.0.0" RELEASE="Production" INV_LOC="E:\SamplePOC\Coherence\CoherenceQuick" LANGS="" XML_INV_LOC="Components/oracle.jaxb.core/2.3.0.0.0/" ACT_INST_VER="13.9.2.0.0" DEINST_VER="11.2.0.0.0" INST_LOC="E:\SamplePOC\Coherence\CoherenceQuick\oracle.jaxb.core" SOH="T">
         <EXT_NAME>oracle.jaxb.core</EXT_NAME>
         <DESC/>
         <DESCID>Description</DESCID>
         <STG_INFO OSP_VER="10.2.0.0.0"/>
         <CMP_JAR_INFO>
            <INFO NAME="resourceClass" VAL="Components.oracle.jaxb.core.v2_3_0_0_0.resources.CompRes"/>
            <INFO NAME="identifiersXML" VAL="Components/oracle/jaxb/core/v2_3_0_0_0/identifiers.xml"/>
            <INFO NAME="contextClass" VAL="Components.oracle.jaxb.core.v2_3_0_0_0.CompContext"/>
         </CMP_JAR_INFO>
         <LOC_INFO INST_DFN_LOC="../Scripts" JAR_NAME="install1.jar"/>
         <BOOK NAME=""/>
         <PRE_REQ DEF="T"/>
         <PROD_HOME DEF="T"/>
         <LANG_IDX_MAP>
            <LANG LIST=""/>
         </LANG_IDX_MAP>
         <PLAT_IDX_MAP>
            <PLAT LIST=""/>
         </PLAT_IDX_MAP>
         <DST_IDX_MAP>
            <DST LIST=""/>
         </DST_IDX_MAP>
         <DEP_LIST/>
         <REF_LIST>
            <REF NAME="oracle.jaxb.core" VER="2.3.0.0.0" HOME_IDX="1"/>
         </REF_LIST>
         <FILESIZEINFO/>
      </COMP>
      <COMP NAME="oracle.jaxb.impl" VER="2.3.0.0.0" BUILD_NUMBER="0" REP_VER="0.0.0.0.0" RELEASE="Production" INV_LOC="E:\SamplePOC\Coherence\CoherenceQuick" LANGS="" XML_INV_LOC="Components/oracle.jaxb.impl/2.3.0.0.0/" ACT_INST_VER="13.9.2.0.0" DEINST_VER="11.2.0.0.0" INST_LOC="E:\SamplePOC\Coherence\CoherenceQuick\oracle.jaxb.impl" SOH="T">
         <EXT_NAME>oracle.jaxb.impl</EXT_NAME>
         <DESC/>
         <DESCID>Description</DESCID>
         <STG_INFO OSP_VER="10.2.0.0.0"/>
         <CMP_JAR_INFO>
            <INFO NAME="resourceClass" VAL="Components.oracle.jaxb.impl.v2_3_0_0_0.resources.CompRes"/>
            <INFO NAME="identifiersXML" VAL="Components/oracle/jaxb/impl/v2_3_0_0_0/identifiers.xml"/>
            <INFO NAME="contextClass" VAL="Components.oracle.jaxb.impl.v2_3_0_0_0.CompContext"/>
         </CMP_JAR_INFO>
         <LOC_INFO INST_DFN_LOC="../Scripts" JAR_NAME="install1.jar"/>
         <BOOK NAME=""/>
         <PRE_REQ DEF="T"/>
         <PROD_HOME DEF="T"/>
         <LANG_IDX_MAP>
            <LANG LIST=""/>
         </LANG_IDX_MAP>
         <PLAT_IDX_MAP>
            <PLAT LIST=""/>
         </PLAT_IDX_MAP>
         <DST_IDX_MAP>
            <DST LIST=""/>
         </DST_IDX_MAP>
         <DEP_LIST/>
         <REF_LIST>
            <REF NAME="oracle.jaxb.impl" VER="2.3.0.0.0" HOME_IDX="1"/>
         </REF_LIST>
         <FILESIZEINFO/>
      </COMP>
      <COMP NAME="oracle.jaxb.tools" VER="2.3.0.0.0" BUILD_NUMBER="0" REP_VER="0.0.0.0.0" RELEASE="Production" INV_LOC="E:\SamplePOC\Coherence\CoherenceQuick" LANGS="" XML_INV_LOC="Components/oracle.jaxb.tools/2.3.0.0.0/" ACT_INST_VER="13.9.2.0.0" DEINST_VER="11.2.0.0.0" INST_LOC="E:\SamplePOC\Coherence\CoherenceQuick\oracle.jaxb.tools" SOH="T">
         <EXT_NAME>oracle.jaxb.tools</EXT_NAME>
         <DESC/>
         <DESCID>Description</DESCID>
         <STG_INFO OSP_VER="10.2.0.0.0"/>
         <CMP_JAR_INFO>
            <INFO NAME="resourceClass" VAL="Components.oracle.jaxb.tools.v2_3_0_0_0.resources.CompRes"/>
            <INFO NAME="identifiersXML" VAL="Components/oracle/jaxb/tools/v2_3_0_0_0/identifiers.xml"/>
            <INFO NAME="contextClass" VAL="Components.oracle.jaxb.tools.v2_3_0_0_0.CompContext"/>
         </CMP_JAR_INFO>
         <LOC_INFO INST_DFN_LOC="../Scripts" JAR_NAME="install1.jar"/>
         <BOOK NAME=""/>
         <PRE_REQ DEF="T"/>
         <PROD_HOME DEF="T"/>
         <LANG_IDX_MAP>
            <LANG LIST=""/>
         </LANG_IDX_MAP>
         <PLAT_IDX_MAP>
            <PLAT LIST=""/>
         </PLAT_IDX_MAP>
         <DST_IDX_MAP>
            <DST LIST=""/>
         </DST_IDX_MAP>
         <DEP_LIST/>
         <REF_LIST>
            <REF NAME="oracle.jaxb.tools" VER="2.3.0.0.0" HOME_IDX="1"/>
         </REF_LIST>
         <FILESIZEINFO/>
      </COMP>
      <COMP NAME="oracle.fmw.common.wizard.resources" VER="12.2.1.0.0" BUILD_NUMBER="0" REP_VER="0.0.0.0.0" RELEASE="Production" INV_LOC="E:\SamplePOC\Coherence\CoherenceQuick" LANGS="" XML_INV_LOC="Components/oracle.fmw.common.wizard.resources/12.2.1.0.0/" ACT_INST_VER="13.9.2.0.0" DEINST_VER="11.2.0.0.0" INST_LOC="E:\SamplePOC\Coherence\CoherenceQuick\oracle.fmw.common.wizard.resources" SOH="T">
         <EXT_NAME>oracle.fmw.common.wizard.resources</EXT_NAME>
         <DESC/>
         <DESCID>Description</DESCID>
         <STG_INFO OSP_VER="10.2.0.0.0"/>
         <CMP_JAR_INFO>
            <INFO NAME="resourceClass" VAL="Components.oracle.fmw.common.wizard.resources.v12_2_1_0_0.resources.CompRes"/>
            <INFO NAME="identifiersXML" VAL="Components/oracle/fmw/common/wizard/resources/v12_2_1_0_0/identifiers.xml"/>
            <INFO NAME="contextClass" VAL="Components.oracle.fmw.common.wizard.resources.v12_2_1_0_0.CompContext"/>
         </CMP_JAR_INFO>
         <LOC_INFO INST_DFN_LOC="../Scripts" JAR_NAME="install1.jar"/>
         <BOOK NAME=""/>
         <PRE_REQ DEF="T"/>
         <PROD_HOME DEF="T"/>
         <LANG_IDX_MAP>
            <LANG LIST=""/>
         </LANG_IDX_MAP>
         <PLAT_IDX_MAP>
            <PLAT LIST=""/>
         </PLAT_IDX_MAP>
         <DST_IDX_MAP>
            <DST LIST=""/>
         </DST_IDX_MAP>
         <DEP_LIST/>
         <REF_LIST>
            <REF NAME="oracle.fmw.common.wizard.resources" VER="12.2.1.0.0" HOME_IDX="1"/>
         </REF_LIST>
         <FILESIZEINFO/>
      </COMP>
      <COMP NAME="oracle.bali.share" VER="12.2.1.3.0" BUILD_NUMBER="0" REP_VER="0.0.0.0.0" RELEASE="Production" INV_LOC="E:\SamplePOC\Coherence\CoherenceQuick" LANGS="" XML_INV_LOC="Components/oracle.bali.share/12.2.1.3.0/" ACT_INST_VER="13.9.2.0.0" DEINST_VER="11.2.0.0.0" INST_LOC="E:\SamplePOC\Coherence\CoherenceQuick\oracle.bali.share" SOH="T">
         <EXT_NAME>oracle.bali.share</EXT_NAME>
         <DESC/>
         <DESCID>Description</DESCID>
         <STG_INFO OSP_VER="10.2.0.0.0"/>
         <CMP_JAR_INFO>
            <INFO NAME="resourceClass" VAL="Components.oracle.bali.share.v12_2_1_3_0.resources.CompRes"/>
            <INFO NAME="identifiersXML" VAL="Components/oracle/bali/share/v12_2_1_3_0/identifiers.xml"/>
            <INFO NAME="contextClass" VAL="Components.oracle.bali.share.v12_2_1_3_0.CompContext"/>
         </CMP_JAR_INFO>
         <LOC_INFO INST_DFN_LOC="../Scripts" JAR_NAME="install1.jar"/>
         <BOOK NAME=""/>
         <PRE_REQ DEF="T"/>
         <PROD_HOME DEF="T"/>
         <LANG_IDX_MAP>
            <LANG LIST=""/>
         </LANG_IDX_MAP>
         <PLAT_IDX_MAP>
            <PLAT LIST=""/>
         </PLAT_IDX_MAP>
         <DST_IDX_MAP>
            <DST LIST=""/>
         </DST_IDX_MAP>
         <DEP_LIST/>
         <REF_LIST>
            <REF NAME="oracle.bali.share" VER="12.2.1.3.0" HOME_IDX="1"/>
         </REF_LIST>
         <FILESIZEINFO/>
      </COMP>
      <COMP NAME="oracle.bali.jewt" VER="12.2.1.3.0" BUILD_NUMBER="0" REP_VER="0.0.0.0.0" RELEASE="Production" INV_LOC="E:\SamplePOC\Coherence\CoherenceQuick" LANGS="" XML_INV_LOC="Components/oracle.bali.jewt/12.2.1.3.0/" ACT_INST_VER="13.9.2.0.0" DEINST_VER="11.2.0.0.0" INST_LOC="E:\SamplePOC\Coherence\CoherenceQuick\oracle.bali.jewt" SOH="T">
         <EXT_NAME>oracle.bali.jewt</EXT_NAME>
         <DESC/>
         <DESCID>Description</DESCID>
         <STG_INFO OSP_VER="10.2.0.0.0"/>
         <CMP_JAR_INFO>
            <INFO NAME="resourceClass" VAL="Components.oracle.bali.jewt.v12_2_1_3_0.resources.CompRes"/>
            <INFO NAME="identifiersXML" VAL="Components/oracle/bali/jewt/v12_2_1_3_0/identifiers.xml"/>
            <INFO NAME="contextClass" VAL="Components.oracle.bali.jewt.v12_2_1_3_0.CompContext"/>
         </CMP_JAR_INFO>
         <LOC_INFO INST_DFN_LOC="../Scripts" JAR_NAME="install1.jar"/>
         <BOOK NAME=""/>
         <PRE_REQ DEF="T"/>
         <PROD_HOME DEF="T"/>
         <LANG_IDX_MAP>
            <LANG LIST=""/>
         </LANG_IDX_MAP>
         <PLAT_IDX_MAP>
            <PLAT LIST=""/>
         </PLAT_IDX_MAP>
         <DST_IDX_MAP>
            <DST LIST=""/>
         </DST_IDX_MAP>
         <DEP_LIST/>
         <REF_LIST>
            <REF NAME="oracle.bali.jewt" VER="12.2.1.3.0" HOME_IDX="1"/>
         </REF_LIST>
         <FILESIZEINFO/>
      </COMP>
      <COMP NAME="oracle.bali.ice" VER="12.2.1.3.0" BUILD_NUMBER="0" REP_VER="0.0.0.0.0" RELEASE="Production" INV_LOC="E:\SamplePOC\Coherence\CoherenceQuick" LANGS="" XML_INV_LOC="Components/oracle.bali.ice/12.2.1.3.0/" ACT_INST_VER="13.9.2.0.0" DEINST_VER="11.2.0.0.0" INST_LOC="E:\SamplePOC\Coherence\CoherenceQuick\oracle.bali.ice" SOH="T">
         <EXT_NAME>oracle.bali.ice</EXT_NAME>
         <DESC/>
         <DESCID>Description</DESCID>
         <STG_INFO OSP_VER="10.2.0.0.0"/>
         <CMP_JAR_INFO>
            <INFO NAME="resourceClass" VAL="Components.oracle.bali.ice.v12_2_1_3_0.resources.CompRes"/>
            <INFO NAME="identifiersXML" VAL="Components/oracle/bali/ice/v12_2_1_3_0/identifiers.xml"/>
            <INFO NAME="contextClass" VAL="Components.oracle.bali.ice.v12_2_1_3_0.CompContext"/>
         </CMP_JAR_INFO>
         <LOC_INFO INST_DFN_LOC="../Scripts" JAR_NAME="install1.jar"/>
         <BOOK NAME=""/>
         <PRE_REQ DEF="T"/>
         <PROD_HOME DEF="T"/>
         <LANG_IDX_MAP>
            <LANG LIST=""/>
         </LANG_IDX_MAP>
         <PLAT_IDX_MAP>
            <PLAT LIST=""/>
         </PLAT_IDX_MAP>
         <DST_IDX_MAP>
            <DST LIST=""/>
         </DST_IDX_MAP>
         <DEP_LIST/>
         <REF_LIST>
            <REF NAME="oracle.bali.ice" VER="12.2.1.3.0" HOME_IDX="1"/>
         </REF_LIST>
         <FILESIZEINFO/>
      </COMP>
      <COMP NAME="oracle.help.share" VER="12.2.1.3.0" BUILD_NUMBER="0" REP_VER="0.0.0.0.0" RELEASE="Production" INV_LOC="E:\SamplePOC\Coherence\CoherenceQuick" LANGS="" XML_INV_LOC="Components/oracle.help.share/12.2.1.3.0/" ACT_INST_VER="13.9.2.0.0" DEINST_VER="11.2.0.0.0" INST_LOC="E:\SamplePOC\Coherence\CoherenceQuick\oracle.help.share" SOH="T">
         <EXT_NAME>oracle.help.share</EXT_NAME>
         <DESC/>
         <DESCID>Description</DESCID>
         <STG_INFO OSP_VER="10.2.0.0.0"/>
         <CMP_JAR_INFO>
            <INFO NAME="resourceClass" VAL="Components.oracle.help.share.v12_2_1_3_0.resources.CompRes"/>
            <INFO NAME="identifiersXML" VAL="Components/oracle/help/share/v12_2_1_3_0/identifiers.xml"/>
            <INFO NAME="contextClass" VAL="Components.oracle.help.share.v12_2_1_3_0.CompContext"/>
         </CMP_JAR_INFO>
         <LOC_INFO INST_DFN_LOC="../Scripts" JAR_NAME="install1.jar"/>
         <BOOK NAME=""/>
         <PRE_REQ DEF="T"/>
         <PROD_HOME DEF="T"/>
         <LANG_IDX_MAP>
            <LANG LIST=""/>
         </LANG_IDX_MAP>
         <PLAT_IDX_MAP>
            <PLAT LIST=""/>
         </PLAT_IDX_MAP>
         <DST_IDX_MAP>
            <DST LIST=""/>
         </DST_IDX_MAP>
         <DEP_LIST/>
         <REF_LIST>
            <REF NAME="oracle.help.share" VER="12.2.1.3.0" HOME_IDX="1"/>
         </REF_LIST>
         <FILESIZEINFO/>
      </COMP>
      <COMP NAME="oracle.help.ohj" VER="12.2.1.3.0" BUILD_NUMBER="0" REP_VER="0.0.0.0.0" RELEASE="Production" INV_LOC="E:\SamplePOC\Coherence\CoherenceQuick" LANGS="" XML_INV_LOC="Components/oracle.help.ohj/12.2.1.3.0/" ACT_INST_VER="13.9.2.0.0" DEINST_VER="11.2.0.0.0" INST_LOC="E:\SamplePOC\Coherence\CoherenceQuick\oracle.help.ohj" SOH="T">
         <EXT_NAME>oracle.help.ohj</EXT_NAME>
         <DESC/>
         <DESCID>Description</DESCID>
         <STG_INFO OSP_VER="10.2.0.0.0"/>
         <CMP_JAR_INFO>
            <INFO NAME="resourceClass" VAL="Components.oracle.help.ohj.v12_2_1_3_0.resources.CompRes"/>
            <INFO NAME="identifiersXML" VAL="Components/oracle/help/ohj/v12_2_1_3_0/identifiers.xml"/>
            <INFO NAME="contextClass" VAL="Components.oracle.help.ohj.v12_2_1_3_0.CompContext"/>
         </CMP_JAR_INFO>
         <LOC_INFO INST_DFN_LOC="../Scripts" JAR_NAME="install1.jar"/>
         <BOOK NAME=""/>
         <PRE_REQ DEF="T"/>
         <PROD_HOME DEF="T"/>
         <LANG_IDX_MAP>
            <LANG LIST=""/>
         </LANG_IDX_MAP>
         <PLAT_IDX_MAP>
            <PLAT LIST=""/>
         </PLAT_IDX_MAP>
         <DST_IDX_MAP>
            <DST LIST=""/>
         </DST_IDX_MAP>
         <DEP_LIST/>
         <REF_LIST>
            <REF NAME="oracle.help.ohj" VER="12.2.1.3.0" HOME_IDX="1"/>
         </REF_LIST>
         <FILESIZEINFO/>
      </COMP>
      <COMP NAME="oracle.jse.dms" VER="12.2.1.3.0" BUILD_NUMBER="0" REP_VER="0.0.0.0.0" RELEASE="Production" INV_LOC="E:\SamplePOC\Coherence\CoherenceQuick" LANGS="" XML_INV_LOC="Components/oracle.jse.dms/12.2.1.3.0/" ACT_INST_VER="13.9.2.0.0" DEINST_VER="11.2.0.0.0" INST_LOC="E:\SamplePOC\Coherence\CoherenceQuick\oracle.jse.dms" SOH="T">
         <EXT_NAME>oracle.jse.dms</EXT_NAME>
         <DESC/>
         <DESCID>Description</DESCID>
         <STG_INFO OSP_VER="10.2.0.0.0"/>
         <CMP_JAR_INFO>
            <INFO NAME="resourceClass" VAL="Components.oracle.jse.dms.v12_2_1_3_0.resources.CompRes"/>
            <INFO NAME="identifiersXML" VAL="Components/oracle/jse/dms/v12_2_1_3_0/identifiers.xml"/>
            <INFO NAME="contextClass" VAL="Components.oracle.jse.dms.v12_2_1_3_0.CompContext"/>
         </CMP_JAR_INFO>
         <LOC_INFO INST_DFN_LOC="../Scripts" JAR_NAME="install1.jar"/>
         <BOOK NAME=""/>
         <PRE_REQ DEF="T"/>
         <PROD_HOME DEF="T"/>
         <LANG_IDX_MAP>
            <LANG LIST=""/>
         </LANG_IDX_MAP>
         <PLAT_IDX_MAP>
            <PLAT LIST=""/>
         </PLAT_IDX_MAP>
         <DST_IDX_MAP>
            <DST LIST=""/>
         </DST_IDX_MAP>
         <DEP_LIST/>
         <REF_LIST>
            <REF NAME="oracle.jse.dms" VER="12.2.1.3.0" HOME_IDX="1"/>
         </REF_LIST>
         <FILESIZEINFO/>
      </COMP>
      <COMP NAME="oracle.xerces.xercesimpl" VER="2.11.0.0.0" BUILD_NUMBER="0" REP_VER="0.0.0.0.0" RELEASE="Production" INV_LOC="E:\SamplePOC\Coherence\CoherenceQuick" LANGS="" XML_INV_LOC="Components/oracle.xerces.xercesimpl/2.11.0.0.0/" ACT_INST_VER="13.9.2.0.0" DEINST_VER="11.2.0.0.0" INST_LOC="E:\SamplePOC\Coherence\CoherenceQuick\oracle.xerces.xercesimpl" SOH="T">
         <EXT_NAME>oracle.xerces.xercesimpl</EXT_NAME>
         <DESC/>
         <DESCID>Description</DESCID>
         <STG_INFO OSP_VER="10.2.0.0.0"/>
         <CMP_JAR_INFO>
            <INFO NAME="resourceClass" VAL="Components.oracle.xerces.xercesimpl.v2_11_0_0_0.resources.CompRes"/>
            <INFO NAME="identifiersXML" VAL="Components/oracle/xerces/xercesimpl/v2_11_0_0_0/identifiers.xml"/>
            <INFO NAME="contextClass" VAL="Components.oracle.xerces.xercesimpl.v2_11_0_0_0.CompContext"/>
         </CMP_JAR_INFO>
         <LOC_INFO INST_DFN_LOC="../Scripts" JAR_NAME="install1.jar"/>
         <BOOK NAME=""/>
         <PRE_REQ DEF="T"/>
         <PROD_HOME DEF="T"/>
         <LANG_IDX_MAP>
            <LANG LIST=""/>
         </LANG_IDX_MAP>
         <PLAT_IDX_MAP>
            <PLAT LIST=""/>
         </PLAT_IDX_MAP>
         <DST_IDX_MAP>
            <DST LIST=""/>
         </DST_IDX_MAP>
         <DEP_LIST/>
         <REF_LIST>
            <REF NAME="oracle.xerces.xercesimpl" VER="2.11.0.0.0" HOME_IDX="1"/>
         </REF_LIST>
         <FILESIZEINFO/>
      </COMP>
      <COMP NAME="oracle.log4j.log4j" VER="1.2.17.0.0" BUILD_NUMBER="0" REP_VER="0.0.0.0.0" RELEASE="Production" INV_LOC="E:\SamplePOC\Coherence\CoherenceQuick" LANGS="" XML_INV_LOC="Components/oracle.log4j.log4j/1.2.17.0.0/" ACT_INST_VER="13.9.2.0.0" DEINST_VER="11.2.0.0.0" INST_LOC="E:\SamplePOC\Coherence\CoherenceQuick\oracle.log4j.log4j" SOH="T">
         <EXT_NAME>oracle.log4j.log4j</EXT_NAME>
         <DESC/>
         <DESCID>Description</DESCID>
         <STG_INFO OSP_VER="10.2.0.0.0"/>
         <CMP_JAR_INFO>
            <INFO NAME="resourceClass" VAL="Components.oracle.log4j.log4j.v1_2_17_0_0.resources.CompRes"/>
            <INFO NAME="identifiersXML" VAL="Components/oracle/log4j/log4j/v1_2_17_0_0/identifiers.xml"/>
            <INFO NAME="contextClass" VAL="Components.oracle.log4j.log4j.v1_2_17_0_0.CompContext"/>
         </CMP_JAR_INFO>
         <LOC_INFO INST_DFN_LOC="../Scripts" JAR_NAME="install1.jar"/>
         <BOOK NAME=""/>
         <PRE_REQ DEF="T"/>
         <PROD_HOME DEF="T"/>
         <LANG_IDX_MAP>
            <LANG LIST=""/>
         </LANG_IDX_MAP>
         <PLAT_IDX_MAP>
            <PLAT LIST=""/>
         </PLAT_IDX_MAP>
         <DST_IDX_MAP>
            <DST LIST=""/>
         </DST_IDX_MAP>
         <DEP_LIST/>
         <REF_LIST>
            <REF NAME="oracle.log4j.log4j" VER="1.2.17.0.0" HOME_IDX="1"/>
         </REF_LIST>
         <FILESIZEINFO/>
      </COMP>
      <COMP NAME="oracle.com.jcraft.jsch" VER="0.1.53.0.0" BUILD_NUMBER="0" REP_VER="0.0.0.0.0" RELEASE="Production" INV_LOC="E:\SamplePOC\Coherence\CoherenceQuick" LANGS="" XML_INV_LOC="Components/oracle.com.jcraft.jsch/0.1.53.0.0/" ACT_INST_VER="13.9.2.0.0" DEINST_VER="11.2.0.0.0" INST_LOC="E:\SamplePOC\Coherence\CoherenceQuick\oracle.com.jcraft.jsch" SOH="T">
         <EXT_NAME>oracle.com.jcraft.jsch</EXT_NAME>
         <DESC/>
         <DESCID>Description</DESCID>
         <STG_INFO OSP_VER="10.2.0.0.0"/>
         <CMP_JAR_INFO>
            <INFO NAME="resourceClass" VAL="Components.oracle.com.jcraft.jsch.v0_1_53_0_0.resources.CompRes"/>
            <INFO NAME="identifiersXML" VAL="Components/oracle/com/jcraft/jsch/v0_1_53_0_0/identifiers.xml"/>
            <INFO NAME="contextClass" VAL="Components.oracle.com.jcraft.jsch.v0_1_53_0_0.CompContext"/>
         </CMP_JAR_INFO>
         <LOC_INFO INST_DFN_LOC="../Scripts" JAR_NAME="install1.jar"/>
         <BOOK NAME=""/>
         <PRE_REQ DEF="T"/>
         <PROD_HOME DEF="T"/>
         <LANG_IDX_MAP>
            <LANG LIST=""/>
         </LANG_IDX_MAP>
         <PLAT_IDX_MAP>
            <PLAT LIST=""/>
         </PLAT_IDX_MAP>
         <DST_IDX_MAP>
            <DST LIST=""/>
         </DST_IDX_MAP>
         <DEP_LIST/>
         <REF_LIST>
            <REF NAME="oracle.com.jcraft.jsch" VER="0.1.53.0.0" HOME_IDX="1"/>
         </REF_LIST>
         <FILESIZEINFO/>
      </COMP>
      <COMP NAME="oracle.com.fasterxml.jackson.core.jackson.databind" VER="2.7.9.1.0" BUILD_NUMBER="0" REP_VER="0.0.0.0.0" RELEASE="Production" INV_LOC="E:\SamplePOC\Coherence\CoherenceQuick" LANGS="" XML_INV_LOC="Components/oracle.com.fasterxml.jackson.core.jackson.databind/2.7.9.1.0/" ACT_INST_VER="13.9.2.0.0" DEINST_VER="11.2.0.0.0" INST_LOC="E:\SamplePOC\Coherence\CoherenceQuick\oracle.com.fasterxml.jackson.core.jackson.databind" SOH="T">
         <EXT_NAME>oracle.com.fasterxml.jackson.core.jackson.databind</EXT_NAME>
         <DESC/>
         <DESCID>Description</DESCID>
         <STG_INFO OSP_VER="10.2.0.0.0"/>
         <CMP_JAR_INFO>
            <INFO NAME="resourceClass" VAL="Components.oracle.com.fasterxml.jackson.core.jackson.databind.v2_7_9_1_0.resources.CompRes"/>
            <INFO NAME="identifiersXML" VAL="Components/oracle/com/fasterxml/jackson/core/jackson/databind/v2_7_9_1_0/identifiers.xml"/>
            <INFO NAME="contextClass" VAL="Components.oracle.com.fasterxml.jackson.core.jackson.databind.v2_7_9_1_0.CompContext"/>
         </CMP_JAR_INFO>
         <LOC_INFO INST_DFN_LOC="../Scripts" JAR_NAME="install1.jar"/>
         <BOOK NAME=""/>
         <PRE_REQ DEF="T"/>
         <PROD_HOME DEF="T"/>
         <LANG_IDX_MAP>
            <LANG LIST=""/>
         </LANG_IDX_MAP>
         <PLAT_IDX_MAP>
            <PLAT LIST=""/>
         </PLAT_IDX_MAP>
         <DST_IDX_MAP>
            <DST LIST=""/>
         </DST_IDX_MAP>
         <DEP_LIST/>
         <REF_LIST>
            <REF NAME="oracle.com.fasterxml.jackson.core.jackson.databind" VER="2.7.9.1.0" HOME_IDX="1"/>
         </REF_LIST>
         <FILESIZEINFO/>
      </COMP>
      <COMP NAME="oracle.com.fasterxml.jackson.core.jackson.core" VER="2.7.9.0.0" BUILD_NUMBER="0" REP_VER="0.0.0.0.0" RELEASE="Production" INV_LOC="E:\SamplePOC\Coherence\CoherenceQuick" LANGS="" XML_INV_LOC="Components/oracle.com.fasterxml.jackson.core.jackson.core/2.7.9.0.0/" ACT_INST_VER="13.9.2.0.0" DEINST_VER="11.2.0.0.0" INST_LOC="E:\SamplePOC\Coherence\CoherenceQuick\oracle.com.fasterxml.jackson.core.jackson.core" SOH="T">
         <EXT_NAME>oracle.com.fasterxml.jackson.core.jackson.core</EXT_NAME>
         <DESC/>
         <DESCID>Description</DESCID>
         <STG_INFO OSP_VER="10.2.0.0.0"/>
         <CMP_JAR_INFO>
            <INFO NAME="resourceClass" VAL="Components.oracle.com.fasterxml.jackson.core.jackson.core.v2_7_9_0_0.resources.CompRes"/>
            <INFO NAME="identifiersXML" VAL="Components/oracle/com/fasterxml/jackson/core/jackson/core/v2_7_9_0_0/identifiers.xml"/>
            <INFO NAME="contextClass" VAL="Components.oracle.com.fasterxml.jackson.core.jackson.core.v2_7_9_0_0.CompContext"/>
         </CMP_JAR_INFO>
         <LOC_INFO INST_DFN_LOC="../Scripts" JAR_NAME="install1.jar"/>
         <BOOK NAME=""/>
         <PRE_REQ DEF="T"/>
         <PROD_HOME DEF="T"/>
         <LANG_IDX_MAP>
            <LANG LIST=""/>
         </LANG_IDX_MAP>
         <PLAT_IDX_MAP>
            <PLAT LIST=""/>
         </PLAT_IDX_MAP>
         <DST_IDX_MAP>
            <DST LIST=""/>
         </DST_IDX_MAP>
         <DEP_LIST/>
         <REF_LIST>
            <REF NAME="oracle.com.fasterxml.jackson.core.jackson.core" VER="2.7.9.0.0" HOME_IDX="1"/>
         </REF_LIST>
         <FILESIZEINFO/>
      </COMP>
   </TL_LIST>
   <COMP_LIST/>
</PRD_LIST>