<?xml version = '1.0' encoding = 'UTF-8' standalone = 'yes'?>
<distribution name="Coherence_Quick" version="12.2.1.3.0" external-name-key="distribution.external.name" external-shortname-key="distribution.external.short.name" xmlns:ns2="http://xmlns.oracle.com/cie/gdr/dei" xmlns:ns3="http://xmlns.oracle.com/cie/gdr/nfo" xmlns:ns4="http://xmlns.oracle.com/cie/gdr/rgy" xmlns="http://xmlns.oracle.com/cie/gdr/dbd">
   <feature-set-group name="Coherence" display-name="Coherence" display-name-key="distribution.featureset.group.coherence.display.name" description-key="distribution.featureset.group.coherence.description">
      <feature-set visible="true" name="coherence" version="12.2.1.3.0"/>
   </feature-set-group>
   <feature-set-group name="TopLink" display-name="TopLink" display-name-key="distribution.featureset.group.toplink.display.name" description-key="distribution.featureset.group.toplink.description">
      <feature-set visible="true" name="toplink" version="12.2.1.3.0"/>
   </feature-set-group>
   <feature-set-group name="Open Source" display-name="Open Source Components" display-name-key="distribution.featureset.group.open_source.display.name" description-key="distribution.featureset.group.open_source.description">
      <feature-set visible="true" name="jrf_maven" version="12.2.1.3.0"/>
   </feature-set-group>
   <feature-set-group name="Internal Features" display-name="Oracle Installation Infrastructure" display-name-key="distribution.featureset.group.internal_features.display.name" description-key="distribution.featureset.group.internal_features.description">
      <feature-set visible="false" required="true" name="nginst_core" version="13.9.2.0.0"/>
      <feature-set visible="true" name="opatch" version="13.9.2.0.0"/>
      <feature-set visible="false" name="glcm_opatchauto_core" version="13.9.2.0.0"/>
      <feature-set visible="false" required="true" name="fmw_install_framework" version="12.2.1.3.0"/>
      <feature-set visible="false" required="true" name="fmw_install_coherence" version="12.2.1.3.0"/>
   </feature-set-group>
   <install-type name="&amp;Typical" default="true" external-name-key="distribution.install.type.typical.external.name"/>
   <directory-map>
      <root-mapping>
         <symbol>oh.symbol</symbol>
      </root-mapping>
      <mapping directory="oracle_common">
         <symbol>thirdparty.symbol</symbol>
         <symbol>wls.common.symbol</symbol>
         <symbol>toplink.common.symbol</symbol>
         <symbol>asutl.symbol</symbol>
         <symbol>jrf.symbol</symbol>
         <symbol>oracle.fmw.common.wizard.resources.symbol</symbol>
         <symbol>help.common.symbol</symbol>
         <symbol>oracle.bali.jewt.dir</symbol>
         <symbol>jewt.symbol</symbol>
         <symbol>oracle.nginst.thirdparty.symbol</symbol>
         <symbol>orapki.symbol</symbol>
         <symbol>osdt.symbol</symbol>
         <symbol>rsa.symbol</symbol>
         <symbol>glcm.logging.symbol</symbol>
         <symbol>oracle.glcm.comdev.symbol</symbol>
         <symbol>oracle.glcm.xmldh.symbol</symbol>
         <symbol>oracle.glcm.dependency.symbol</symbol>
         <symbol>oracle.glcm.wizard.symbol</symbol>
         <symbol>oracle.glcm.encryption.symbol</symbol>
         <symbol>rdbms.jrf.common.symbol</symbol>
      </mapping>
      <mapping directory="coherence">
         <symbol>coherence.symbol</symbol>
         <symbol>toplink.coherence.symbol</symbol>
         <symbol>coherence.mavenplugins.symbol</symbol>
      </mapping>
      <mapping directory="oui">
         <symbol>oracle.nginst.core.symbol</symbol>
         <symbol>oracle.nginst.common.symbol</symbol>
         <symbol>asinst.framework.symbol</symbol>
         <symbol>asinst.coherence.install.symbol</symbol>
         <symbol>oracle.as.install.common.help.symbol</symbol>
      </mapping>
      <mapping directory="OPatch">
         <symbol>oracle.swd.opatch.symbol</symbol>
         <symbol>oracle.glcm.opatch.common.api.symbol</symbol>
         <symbol>oracle.glcm.opatchauto.core.symbol</symbol>
         <symbol>oracle.glcm.osys.core.symbol</symbol>
         <symbol>oracle.glcm.oplan.core.symbol</symbol>
      </mapping>
   </directory-map>
</distribution>