<?xml version = '1.0' encoding = 'UTF-8' standalone = 'yes'?>
<component-def name="oracle.glcm.opatchauto.core" version="13.9.2.0.0" description="Oracle OPatch Auto Core" gdr-version="1.8.2.0" xmlns:ns2="http://xmlns.oracle.com/cie/stringsubs" xmlns="http://xmlns.oracle.com/cie/gdr/cpd">
   <file-map symbol="oracle.glcm.opatchauto.core.symbol" source="filegroup1.jar" expanded="true" compacted="true" bootstrap="true">
      <directory dest="auto" mode="750" patchable="true">
         <directory dest="core" mode="750" patchable="true">
            <directory dest="modules" mode="750" patchable="true">
               <file size="398844" dest="com.oracle.glcm.patch.opatchauto_13.9.2.0.jar" mode="640"/>
               <file size="50619" dest="com.oracle.glcm.patch.opatchauto-actions_13.9.2.0.jar" mode="640"/>
               <file size="89721" dest="com.oracle.glcm.patch.opatchauto-binary_13.9.2.0.jar" mode="640"/>
               <directory dest="features" mode="750" patchable="true">
                  <file size="432" dest="opatchauto-binary-classpath.jar" mode="640"/>
               </directory>
            </directory>
            <directory dest="bin" mode="750" patchable="true">
               <file size="559" dest="opatchauto.sh" mode="750"/>
               <file size="331" dest="opatchauto.cmd" os-family="windows" mode="750"/>
               <file size="4292" dest="opatchautoEnv.sh" mode="750"/>
               <file size="2660" dest="opatchautoEnv.cmd" os-family="windows" mode="750"/>
               <file size="564" dest="opatchautoCopy.sh" mode="750"/>
               <file size="336" dest="opatchautoCopy.cmd" os-family="windows" mode="750"/>
               <file size="492" dest="patchingWallet.sh" mode="750"/>
               <file size="301" dest="patchingWallet.cmd" os-family="windows" mode="750"/>
            </directory>
         </directory>
      </directory>
      <directory dest="modules" mode="750" patchable="true">
         <file size="52089" dest="com.oracle.glcm.patch.opatchauto-wallet_13.9.2.0.jar" mode="640"/>
      </directory>
      <file size="436" dest="opatchauto" mode="750"/>
      <file size="222" dest="opatchauto.cmd" os-family="windows" mode="750"/>
   </file-map>
   <libraries>
      <library name="oracle.glcm.opatchauto.core.classpath" type="manifest" location="auto/core/modules/features" visibility="public" suppress-version="true" suppress-prefix="true">
         <entry explode="true" include-parent="false" name="auto/core/modules/com.oracle.glcm.patch.opatchauto_13.9.2.0.jar"/>
      </library>
      <library name="oracle.glcm.opatchauto.core.binary.classpath" type="manifest" location="auto/core/modules/features" visibility="public" suppress-version="true" suppress-prefix="true">
         <entry explode="true" include-parent="false" name="auto/core/modules/com.oracle.glcm.patch.opatchauto-binary_13.9.2.0.jar"/>
      </library>
      <library name="oracle.glcm.opatchauto.core.actions.classpath" type="manifest" location="plugins/opatchauto/modules" visibility="public" suppress-version="true" suppress-prefix="true">
         <entry explode="true" include-parent="false" name="auto/core/modules/com.oracle.glcm.patch.opatchauto-actions_13.9.2.0.jar"/>
      </library>
      <library name="oracle.glcm.opatchauto.core.wallet.classpath" type="manifest" location="modules/features" visibility="public" suppress-version="true" suppress-prefix="true">
         <entry explode="true" include-parent="false" name="modules/com.oracle.glcm.patch.opatchauto-wallet_13.9.2.0.jar"/>
      </library>
   </libraries>
</component-def>