<?xml version = '1.0' encoding = 'UTF-8' standalone = 'yes'?>
<component-def name="oracle.jaxb.impl" version="2.3.0.0.0" description="Oracle JAXB Impl" gdr-version="1.8.2.0" groupId="com.oracle.fmwshare" xmlns:ns2="http://xmlns.oracle.com/cie/stringsubs" xmlns="http://xmlns.oracle.com/cie/gdr/cpd">
   <file-map symbol="jrf.symbol" source="filegroup1.jar" expanded="true" compacted="true" bootstrap="true">
      <directory dest="modules" mode="750" patchable="true">
         <file size="1050062" dest="com.sun.xml.bind.jaxb-impl.jar" id="com.sun.xml.bind:jaxb-impl" patchable="true" group="com.sun.xml.bind" artifact="jaxb-impl" version="2.3.0-b170202.1032"/>
      </directory>
   </file-map>
   <default-pom-override groupId="com.oracle.fmwshare"/>
   <libraries>
      <library name="oracle.jaxb.impl" type="none" visibility="none" suppress-version="true" size="1050062">
         <entry explode="true" include-parent="false" name="modules/com.sun.xml.bind.jaxb-impl.jar"/>
      </library>
   </libraries>
</component-def>