<?xml version = '1.0' encoding = 'UTF-8' standalone = 'yes'?>
<!-- Copyright (c) 1999, 2019, Oracle. All rights reserved. -->
<!-- Do not modify the contents of this file by hand. --><COMP_CONTEXT>
   <VAR_LIST SIZE="16">
      <VAR NAME="VM_TYPES" TYPE="String" DESC_RES_ID="VM_TYPES_DESC" SECURE="F" VAL="HotSpot,IBM,JRockit" ADV="F" CLONABLE="T" USER_INPUT="CALC"/>
      <VAR NAME="PrereqConfigLocationVal" TYPE="String" DESC_RES_ID="PrereqConfigLocationVal_DESC" SECURE="F" VAL="oui/mw/coherence/prereq" ADV="F" CLONABLE="T" USER_INPUT="CALC"/>
      <VAR NAME="PLATFORM_NAME" TYPE="String" DESC_RES_ID="PLATFORM_NAME_DESC" SECURE="F" VAL="NT_AMD64" ADV="F" CLONABLE="T" USER_INPUT="CALC"/>
      <VAR NAME="LogLocationVal" TYPE="String" DESC_RES_ID="LogLocationVal_DESC" SECURE="F" VAL="" ADV="F" CLONABLE="T" USER_INPUT="CALC"/>
      <VAR NAME="JROCKIT_JAVA_OPTIONS" TYPE="String" DESC_RES_ID="JROCKIT_JAVA_OPTIONS_DESC" SECURE="F" VAL="-mx512m -Doracle.installer.appendjre=true" ADV="F" CLONABLE="T" USER_INPUT="CALC"/>
      <VAR NAME="JAVA_VERSION" TYPE="String" DESC_RES_ID="JAVA_VERSION_DESC" SECURE="F" VAL="1.8" ADV="F" CLONABLE="T" USER_INPUT="CALC"/>
      <VAR NAME="JAVA_USE_64BIT" TYPE="String" DESC_RES_ID="JAVA_USE_64BIT_DESC" SECURE="F" VAL="MAC-OS-IN64,MAC-OS-IN,Solaris,Solaris_SPARC64,HP_IA64,HP_IA32,Intel_Solaris,Intel_Solaris32" ADV="F" CLONABLE="T" USER_INPUT="CALC"/>
      <VAR NAME="JAVA_OPTIONS" TYPE="String" DESC_RES_ID="JAVA_OPTIONS_DESC" SECURE="F" VAL="" ADV="F" CLONABLE="T" USER_INPUT="CALC"/>
      <VAR NAME="InstallClassVal" TYPE="String" DESC_RES_ID="InstallClassVal_DESC" SECURE="F" VAL="oracle.sysman.oio.oioc.OiocOneClickInstaller" ADV="F" CLONABLE="T" USER_INPUT="CALC"/>
      <VAR NAME="IBM_JAVA_OPTIONS" TYPE="String" DESC_RES_ID="IBM_JAVA_OPTIONS_DESC" SECURE="F" VAL="-mx512m -XX:MaxPermSize=512m -Xverify:none -Doracle.installer.appendjre=true" ADV="F" CLONABLE="T" USER_INPUT="CALC"/>
      <VAR NAME="HOTSPOT_JAVA_OPTIONS" TYPE="String" DESC_RES_ID="HOTSPOT_JAVA_OPTIONS_DESC" SECURE="F" VAL="-mx512m -Doracle.installer.appendjre=true" ADV="F" CLONABLE="T" USER_INPUT="CALC"/>
      <VAR NAME="EXT_CLASSPATH" TYPE="String" DESC_RES_ID="EXT_CLASSPATH_DESC" SECURE="F" VAL="oui/mw/common/framework/jlib/engine-nextgen.jar,oui/mw/common/framework/jlib/message.jar,oui/mw/common/framework/jlib/oneclick.jar,oracle_common/modules/oracle.dms/dms.jar,oracle_common/modules/oracle.odl/ojdl.jar,oracle_common/modules/oracle.odl/ojdl2.jar,oracle_common/modules/oracle.odl/ojdl-log4j.jar,oracle_common/modules/oracle.bali.jewt/jewt4.jar,oracle_common/modules/oracle.bali.jewt/olaf2.jar,oracle_common/jlib/wizardCommonResources.jar,oracle_common/modules/oracle.bali.share/share.jar,oracle_common/modules/oracle.help/oracle_ice.jar,oracle_common/modules/oracle.help/ohj.jar,oracle_common/modules/oracle.help/help-share.jar" ADV="F" CLONABLE="T" USER_INPUT="CALC"/>
      <VAR NAME="DEFAULT_HOME_NAME" TYPE="String" DESC_RES_ID="DEFAULT_HOME_NAME_DESC" SECURE="F" VAL="OracleHome" ADV="F" CLONABLE="T" USER_INPUT="CALC"/>
      <VAR NAME="BOOT_CLASSPATH" TYPE="String" DESC_RES_ID="BOOT_CLASSPATH_DESC" SECURE="F" VAL="" ADV="F" CLONABLE="T" USER_INPUT="CALC"/>
      <VAR NAME="JVM_64" TYPE="String" DESC_RES_ID="JVM_64_DESC" SECURE="F" VAL="" ADV="F" CLONABLE="T" USER_INPUT="CALC"/>
      <VAR NAME="JAVA_HOME_LOCATION" TYPE="String" DESC_RES_ID="JAVA_HOME_LOCATION_DESC" SECURE="F" VAL="C:\Program Files\Java\jre1.8.0_121" ADV="F" CLONABLE="T" USER_INPUT="CALC"/>
      <VAR NAME="PROD_HOME" TYPE="String" DESC_RES_ID="" SECURE="F" VAL="E:\SamplePOC\Coherence\CoherenceQuick\oracle.nginst.common" ADV="F" CLONABLE="T" USER_INPUT="CALC"/>
   </VAR_LIST>
   <CONST_LIST SIZE="26">
      <CONST NAME="HOTSPOT_JAVA_OPTIONS_DESC" PLAT_SP="F" TYPE="String" TRANS="F" VAL="Value of HOTSPOT_JAVA_OPTIONS from oraparam.ini"/>
      <CONST NAME="Custom_DESC" PLAT_SP="F" TYPE="String" TRANS="T" VAL="Custom_DESC_ALL"/>
      <CONST NAME="IBM_JAVA_OPTIONS_DESC" PLAT_SP="F" TYPE="String" TRANS="F" VAL="Value of IBM_JAVA_OPTIONS from oraparam.ini"/>
      <CONST NAME="Minimum_DESC" PLAT_SP="F" TYPE="String" TRANS="T" VAL="Minimum_DESC_ALL"/>
      <CONST NAME="EXT_CLASSPATH_DESC" PLAT_SP="F" TYPE="String" TRANS="F" VAL="Value of EXT_CLASSPATH from oraparam.ini"/>
      <CONST NAME="JAVA_USE_64BIT_DESC" PLAT_SP="F" TYPE="String" TRANS="F" VAL="Value of JAVA_USE_64BIT from oraparam.ini"/>
      <CONST NAME="VM_TYPES_DESC" PLAT_SP="F" TYPE="String" TRANS="F" VAL="Value of VM_TYPES from oraparam.ini"/>
      <CONST NAME="Typical" PLAT_SP="F" TYPE="String" TRANS="T" VAL="Typical_ALL"/>
      <CONST NAME="COMPONENT_DESC" PLAT_SP="F" TYPE="String" TRANS="T" VAL="COMPONENT_DESC_ALL"/>
      <CONST NAME="COMPONENT_NAME" PLAT_SP="F" TYPE="String" TRANS="F" VAL="oracle.nginst.common"/>
      <CONST NAME="Typical_DESC" PLAT_SP="F" TYPE="String" TRANS="T" VAL="Typical_DESC_ALL"/>
      <CONST NAME="JAVA_HOME_LOCATION_DESC" PLAT_SP="F" TYPE="String" TRANS="F" VAL="Path of installed Java component or Java Home used by generic installer"/>
      <CONST NAME="JAVA_OPTIONS_DESC" PLAT_SP="F" TYPE="String" TRANS="F" VAL="Value of JAVA_OPTIONS from oraparam.ini"/>
      <CONST NAME="JAVA_VERSION_DESC" PLAT_SP="F" TYPE="String" TRANS="F" VAL="Value of JAVA_VERSION from oraparam.ini"/>
      <CONST NAME="Custom" PLAT_SP="F" TYPE="String" TRANS="T" VAL="Custom_ALL"/>
      <CONST NAME="LogLocationVal_DESC" PLAT_SP="F" TYPE="String" TRANS="F" VAL="Value of LOG_LOCATION from oraparam.ini"/>
      <CONST NAME="JVM_64_DESC" PLAT_SP="F" TYPE="String" TRANS="F" VAL="JVM -d64 option for  Solaris_SPARC64, Intel_Solaris, MAC-OS-IN64, HP_IA64"/>
      <CONST NAME="InstallClassVal_DESC" PLAT_SP="F" TYPE="String" TRANS="F" VAL="Value of INSTALL_CLASS from oraparam.ini"/>
      <CONST NAME="PrereqConfigLocationVal_DESC" PLAT_SP="F" TYPE="String" TRANS="F" VAL="Value of PREREQ_CONFIG_LOCATION from oraparam.ini"/>
      <CONST NAME="Minimum" PLAT_SP="F" TYPE="String" TRANS="T" VAL="Minimum_ALL"/>
      <CONST NAME="PLATFORM_NAME_DESC" PLAT_SP="F" TYPE="String" TRANS="F" VAL="Name of OUI platform determined at installation"/>
      <CONST NAME="JROCKIT_JAVA_OPTIONS_DESC" PLAT_SP="F" TYPE="String" TRANS="F" VAL="Value of JROCKIT_JAVA_OPTIONS from oraparam.ini"/>
      <CONST NAME="DEFAULT_HOME_NAME_DESC" PLAT_SP="F" TYPE="String" TRANS="F" VAL="Oracle home name prefix from oraparam.ini"/>
      <CONST NAME="Complete" PLAT_SP="F" TYPE="String" TRANS="T" VAL="Complete_ALL"/>
      <CONST NAME="BOOT_CLASSPATH_DESC" PLAT_SP="F" TYPE="String" TRANS="F" VAL="Value of BOOT_CLASSPATH from oraparam.ini"/>
      <CONST NAME="Complete_DESC" PLAT_SP="F" TYPE="String" TRANS="T" VAL="Complete_DESC_ALL"/>
   </CONST_LIST>
</COMP_CONTEXT>