<?xml version = '1.0' encoding = 'UTF-8' standalone = 'yes'?>
<!-- Copyright (c) 1999, 2019, Oracle. All rights reserved. -->
<!-- Do not modify the contents of this file by hand. --><ACTION_LIST>
   <ACTION NAME="registerFileForDeinstall" INSTALL="T" DEINSTALL="T">
      <LIB NAME="fileActions" VER="12.1.3.0.0" REP_VER="0.0" MIN_INST_VER="1.5.0.0.0"/>
      <INPUT_LIST>
         <INPUT NAME="oracleHome" VAL="%ORACLE_HOME%" TYPE="String" SECURE="F"/>
         <INPUT NAME="fileToDeinstall" VAL="/oui/.globalEnv.properties" TYPE="String" SECURE="F"/>
      </INPUT_LIST>
      <LOG_OBJ_LIST/>
   </ACTION>
<ACTION NAME="addVariable" INSTALL="T" DEINSTALL="T">
      <LIB NAME="propertiesActions" VER="12.1.3.0.0" REP_VER="0.0" MIN_INST_VER="1.5.0.0.0"/>
      <INPUT_LIST>
         <INPUT NAME="oracle_home" VAL="%ORACLE_HOME%" TYPE="String" SECURE="F"/>
         <INPUT NAME="variable" VAL="JVM_64" TYPE="String" SECURE="F"/>
         <INPUT NAME="value" VAL="%JVM_64%" TYPE="String" SECURE="F"/>
      </INPUT_LIST>
      <LOG_OBJ_LIST/>
   </ACTION>
</ACTION_LIST>