<?xml version = '1.0' encoding = 'UTF-8' standalone = 'yes'?>
<component-def name="oracle.wls.thirdparty.javax.json" version="12.2.1.3.0" description="Oracle WebLogic Thirdparty Module JAVAX JSON" gdr-version="1.8.2.0" groupId="com.oracle.weblogic" xmlns:ns2="http://xmlns.oracle.com/cie/stringsubs" xmlns="http://xmlns.oracle.com/cie/gdr/cpd">
   <file-map symbol="wls.common.symbol" source="filegroup1.jar" expanded="true" compacted="true">
      <exclude regex="\.ade_path" match-dirs="true"/>
      <directory dest="" patchable="true">
         <directory dest="modules" mode="750" patchable="true">
            <file size="85147" dest="org.glassfish.javax.json.jar" mode="640"/>
         </directory>
         <file-perms>
            <permission mode="640" regex=".*"/>
         </file-perms>
      </directory>
      <file-perms>
         <permission mode="750" regex=".*" match-dirs="true"/>
      </file-perms>
   </file-map>
   <libraries>
      <library name="javax.json.library" type="none" visibility="none" size="85147">
         <entry explode="true" include-parent="false" name="modules/org.glassfish.javax.json.jar"/>
      </library>
   </libraries>
</component-def>