<?xml version='1.0' encoding='windows-1252'?>
<HOST PLATID="233">
  <CERTIFIED_SYSTEMS>
    <OPERATING_SYSTEM>
      <VERSION PRODUCT_NAME="Windows 7"/>
    </OPERATING_SYSTEM>
    <OPERATING_SYSTEM>
     <VERSION PRODUCT_NAME="Windows Server 2012"/>
    </OPERATING_SYSTEM>
    <OPERATING_SYSTEM>
       <VERSION PRODUCT_NAME="Windows Server 2012 R2"/>
    </OPERATING_SYSTEM>
    <OPERATING_SYSTEM>
      <VERSION PRODUCT_NAME="Windows 8.1"/>
    </OPERATING_SYSTEM>
    <OPERATING_SYSTEM>
      <VERSION PRODUCT_NAME="Windows 10"/>
    </OPERATING_SYSTEM>
    <OPERATING_SYSTEM>
      <VERSION PRODUCT_NAME="Windows Server 2016"/>
    </OPERATING_SYSTEM>
  </CERTIFIED_SYSTEMS>
</HOST>
